id,book,chapter,verse,language,sentence_length,number_words,clause_length
13921,1QM,1,1,Hebrew,1,3,3.0
13923,1QM,1,2,Hebrew,2,30,15.0
13926,1QM,1,3,Hebrew,3,7,2.3333333333333335
13931,1QM,1,4,Hebrew,3,28,9.333333333333334
13928,1QM,1,4,Hebrew,1,1,1.0
13929,1QM,1,4,Hebrew,1,4,4.0
13932,1QM,1,5,Hebrew,1,7,7.0
13933,1QM,1,5,Hebrew,1,4,4.0
13935,1QM,1,6,Hebrew,2,14,7.0
13938,1QM,1,6,Hebrew,3,10,3.3333333333333335
13939,1QM,1,7,Hebrew,1,1,1.0
13940,1QM,1,7,Hebrew,1,20,20.0
13941,1QM,1,8,Hebrew,1,3,3.0
13942,1QM,1,8,Hebrew,1,1,1.0
13943,1QM,1,8,Hebrew,1,2,2.0
13944,1QM,1,9,Hebrew,1,3,3.0
13945,1QM,1,9,Hebrew,1,5,5.0
13947,1QM,1,10,Hebrew,2,7,3.5
13948,1QM,1,10,Hebrew,1,3,3.0
13949,1QM,1,11,Hebrew,1,7,7.0
13950,1QM,1,12,Hebrew,1,8,8.0
13951,1QM,1,12,Hebrew,1,1,1.0
13952,1QM,1,12,Hebrew,1,7,7.0
13953,1QM,1,13,Hebrew,1,11,11.0
13954,1QM,1,13,Hebrew,1,14,14.0
13956,1QM,1,14,Hebrew,2,15,7.5
13958,1QM,1,14,Hebrew,2,14,7.0
13959,1QM,1,15,Hebrew,1,11,11.0
13960,1QM,1,16,Hebrew,1,22,22.0
13961,1QM,1,17,Hebrew,1,4,4.0
13962,1QM,1,17,Hebrew,1,1,1.0
13963,1QM,1,17,Hebrew,1,1,1.0
13964,1QM,1,17,Hebrew,1,3,3.0
13966,1QM,1,18,Hebrew,2,17,8.5
13967,1QM,1,19,Hebrew,1,8,8.0
13968,1QM,1,19,Hebrew,1,1,1.0
13969,1QM,1,19,Hebrew,1,4,4.0
13971,1QM,1,20,Hebrew,2,8,4.0
13972,1QM,1,21,Hebrew,1,8,8.0
13973,1QM,1,22,Hebrew,1,3,3.0
13975,1QM,1,22,Hebrew,2,4,2.0
13976,1QM,1,22,Hebrew,1,4,4.0
13977,1QM,1,22,Hebrew,1,1,1.0
13978,1QM,1,23,Hebrew,1,11,11.0
13979,1QM,1,23,Hebrew,1,1,1.0
13980,1QM,1,23,Hebrew,1,3,3.0
13981,1QM,1,23,Hebrew,1,4,4.0
13982,1QM,1,24,Hebrew,1,1,1.0
13983,1QM,1,24,Hebrew,1,3,3.0
13984,1QM,1,24,Hebrew,1,5,5.0
13985,1QM,1,24,Hebrew,1,1,1.0
13986,1QM,1,24,Hebrew,1,1,1.0
13987,1QM,1,24,Hebrew,1,1,1.0
13988,1QM,1,24,Hebrew,1,1,1.0
13989,1QM,1,24,Hebrew,1,1,1.0
13990,1QM,1,24,Hebrew,1,2,2.0
13991,1QM,1,24,Hebrew,1,1,1.0
13992,1QM,2,1,Hebrew,1,6,6.0
13993,1QM,2,2,Hebrew,1,13,13.0
13995,1QM,2,2,Hebrew,2,11,5.5
13996,1QM,2,3,Hebrew,1,11,11.0
13998,1QM,2,4,Hebrew,2,9,4.5
13999,1QM,2,4,Hebrew,1,5,5.0
14001,1QM,2,5,Hebrew,2,9,4.5
14003,1QM,2,6,Hebrew,2,17,8.5
14004,1QM,2,7,Hebrew,1,29,29.0
14008,1QM,2,8,Hebrew,4,33,8.25
14009,1QM,2,9,Hebrew,1,9,9.0
14011,1QM,2,10,Hebrew,2,33,16.5
14014,1QM,2,11,Hebrew,3,21,7.0
14017,1QM,2,12,Hebrew,3,11,3.6666666666666665
14018,1QM,2,12,Hebrew,1,6,6.0
14019,1QM,2,13,Hebrew,1,12,12.0
14020,1QM,2,13,Hebrew,1,7,7.0
14021,1QM,2,14,Hebrew,1,10,10.0
14023,1QM,2,16,Hebrew,2,16,8.0
14025,1QM,2,17,Hebrew,2,19,9.5
14026,1QM,2,18,Hebrew,1,11,11.0
14027,1QM,2,19,Hebrew,1,22,22.0
14028,1QM,2,20,Hebrew,1,9,9.0
14029,1QM,2,21,Hebrew,1,9,9.0
14031,1QM,2,22,Hebrew,2,15,7.5
14032,1QM,2,22,Hebrew,1,1,1.0
14033,1QM,2,22,Hebrew,1,3,3.0
14034,1QM,2,23,Hebrew,1,17,17.0
14035,1QM,3,1,Hebrew,1,1,1.0
14036,1QM,3,1,Hebrew,1,6,6.0
14037,1QM,3,1,Hebrew,1,1,1.0
14038,1QM,3,1,Hebrew,1,3,3.0
14039,1QM,3,1,Hebrew,1,2,2.0
14040,1QM,3,1,Hebrew,1,2,2.0
14041,1QM,3,3,Hebrew,1,3,3.0
14044,1QM,3,3,Hebrew,3,14,4.666666666666667
14046,1QM,3,3,Hebrew,2,16,8.0
14048,1QM,3,3,Hebrew,2,8,4.0
14049,1QM,3,4,Hebrew,1,6,6.0
14050,1QM,3,4,Hebrew,1,2,2.0
14051,1QM,3,5,Hebrew,1,7,7.0
14052,1QM,3,5,Hebrew,1,2,2.0
14053,1QM,3,6,Hebrew,1,6,6.0
14054,1QM,3,6,Hebrew,1,2,2.0
14056,1QM,3,7,Hebrew,2,17,8.5
14057,1QM,3,7,Hebrew,1,5,5.0
14058,1QM,3,8,Hebrew,1,6,6.0
14059,1QM,3,8,Hebrew,1,6,6.0
14060,1QM,3,9,Hebrew,1,6,6.0
14064,1QM,3,9,Hebrew,4,11,2.75
14066,1QM,3,9,Hebrew,2,6,3.0
14067,1QM,3,10,Hebrew,1,7,7.0
14068,1QM,3,10,Hebrew,1,11,11.0
14071,1QM,3,11,Hebrew,3,19,6.333333333333333
14072,1QM,3,11,Hebrew,1,5,5.0
14073,1QM,3,12,Hebrew,1,6,6.0
14075,1QM,3,12,Hebrew,2,11,5.5
14076,1QM,3,13,Hebrew,1,6,6.0
14078,1QM,3,13,Hebrew,2,5,2.5
14079,1QM,3,14,Hebrew,1,6,6.0
14080,1QM,3,14,Hebrew,1,5,5.0
14082,1QM,3,14,Hebrew,2,7,3.5
14085,1QM,3,15,Hebrew,3,16,5.333333333333333
14086,1QM,3,15,Hebrew,1,2,2.0
14088,1QM,3,16,Hebrew,2,17,8.5
14089,1QM,3,16,Hebrew,1,5,5.0
14090,1QM,4,1,Hebrew,1,8,8.0
14094,1QM,4,2,Hebrew,3,27,9.0
14093,1QM,4,2,Hebrew,1,2,2.0
14096,1QM,4,3,Hebrew,2,11,5.5
14097,1QM,4,3,Hebrew,1,1,1.0
14100,1QM,4,4,Hebrew,2,11,5.5
14099,1QM,4,4,Hebrew,1,2,2.0
14101,1QM,4,4,Hebrew,1,1,1.0
14102,1QM,4,5,Hebrew,1,9,9.0
14103,1QM,4,5,Hebrew,1,2,2.0
14104,1QM,4,6,Hebrew,1,3,3.0
14107,1QM,4,8,Hebrew,2,16,8.0
14106,1QM,4,8,Hebrew,1,2,2.0
14111,1QM,4,9,Hebrew,2,18,9.0
14109,1QM,4,9,Hebrew,1,12,12.0
14110,1QM,4,9,Hebrew,1,3,3.0
14114,1QM,4,10,Hebrew,2,18,9.0
14113,1QM,4,10,Hebrew,1,9,9.0
14117,1QM,4,11,Hebrew,2,18,9.0
14116,1QM,4,11,Hebrew,1,5,5.0
14120,1QM,4,12,Hebrew,2,18,9.0
14119,1QM,4,12,Hebrew,1,5,5.0
14127,1QM,4,13,Hebrew,3,19,6.333333333333333
14126,1QM,4,13,Hebrew,4,8,2.0
14134,1QM,4,14,Hebrew,3,18,6.0
14133,1QM,4,14,Hebrew,4,8,2.0
14136,1QM,4,15,Hebrew,2,11,5.5
14140,1QM,4,15,Hebrew,4,8,2.0
14141,1QM,4,15,Hebrew,1,5,5.0
14142,1QM,4,16,Hebrew,1,4,4.0
14158,1QM,4,24,Hebrew,9,33,3.6666666666666665
14145,1QM,4,17,Hebrew,1,2,2.0
14147,1QM,4,18,Hebrew,1,2,2.0
14149,1QM,4,19,Hebrew,1,2,2.0
14151,1QM,4,20,Hebrew,1,2,2.0
14153,1QM,4,21,Hebrew,1,2,2.0
14155,1QM,4,22,Hebrew,1,2,2.0
14157,1QM,4,23,Hebrew,1,2,2.0
14159,1QM,4,24,Hebrew,1,2,2.0
14160,1QM,4,25,Hebrew,1,9,9.0
14162,1QM,4,26,Hebrew,2,11,5.5
14170,1QM,4,26,Hebrew,8,20,2.5
14171,1QM,4,27,Hebrew,1,9,9.0
14172,1QM,4,28,Hebrew,1,1,1.0
14174,1QM,4,28,Hebrew,2,10,5.0
14182,1QM,4,28,Hebrew,8,16,2.0
14183,1QM,4,29,Hebrew,1,1,1.0
14184,1QM,4,30,Hebrew,1,4,4.0
14185,1QM,4,30,Hebrew,1,4,4.0
14186,1QM,4,31,Hebrew,1,1,1.0
14187,1QM,4,31,Hebrew,1,1,1.0
14188,1QM,4,31,Hebrew,1,4,4.0
14189,1QM,4,32,Hebrew,1,3,3.0
14190,1QM,4,33,Hebrew,1,3,3.0
14191,1QM,4,33,Hebrew,1,2,2.0
14192,1QM,4,35,Hebrew,1,1,1.0
14193,1QM,4,35,Hebrew,1,2,2.0
14194,1QM,4,36,Hebrew,1,1,1.0
14195,1QM,4,37,Hebrew,1,3,3.0
14196,1QM,4,37,Hebrew,1,1,1.0
14197,1QM,4,38,Hebrew,1,1,1.0
14198,1QM,4,38,Hebrew,1,1,1.0
14199,1QM,4,40,Hebrew,1,2,2.0
14200,1QM,4,40,Hebrew,1,1,1.0
14201,1QM,4,40,Hebrew,1,30,30.0
14202,1QM,5,1,Hebrew,1,6,6.0
14205,1QM,5,2,Hebrew,3,14,4.666666666666667
14207,1QM,5,3,Hebrew,2,12,6.0
14208,1QM,5,3,Hebrew,1,4,4.0
14210,1QM,5,4,Hebrew,2,11,5.5
14211,1QM,5,5,Hebrew,1,26,26.0
14213,1QM,5,6,Hebrew,2,12,6.0
14214,1QM,5,7,Hebrew,1,7,7.0
14215,1QM,5,8,Hebrew,1,5,5.0
14216,1QM,5,8,Hebrew,1,10,10.0
14217,1QM,5,9,Hebrew,1,22,22.0
14218,1QM,5,10,Hebrew,1,22,22.0
14219,1QM,5,11,Hebrew,1,11,11.0
14220,1QM,5,12,Hebrew,1,9,9.0
14221,1QM,5,13,Hebrew,1,8,8.0
14222,1QM,5,13,Hebrew,1,5,5.0
14225,1QM,5,14,Hebrew,3,17,5.666666666666667
14226,1QM,5,15,Hebrew,1,12,12.0
14227,1QM,5,16,Hebrew,1,6,6.0
14228,1QM,5,16,Hebrew,1,3,3.0
14229,1QM,5,16,Hebrew,1,4,4.0
14230,1QM,5,17,Hebrew,1,6,6.0
14231,1QM,5,17,Hebrew,1,5,5.0
14232,1QM,5,18,Hebrew,1,5,5.0
14233,1QM,5,18,Hebrew,1,6,6.0
14234,1QM,5,19,Hebrew,1,9,9.0
14235,1QM,5,20,Hebrew,1,18,18.0
14236,1QM,5,21,Hebrew,1,3,3.0
14237,1QM,5,21,Hebrew,1,1,1.0
14242,1QM,5,22,Hebrew,3,12,4.0
14239,1QM,5,22,Hebrew,1,2,2.0
14240,1QM,5,22,Hebrew,1,4,4.0
14243,1QM,5,22,Hebrew,1,3,3.0
14244,1QM,5,24,Hebrew,1,2,2.0
14245,1QM,5,24,Hebrew,1,5,5.0
14246,1QM,5,25,Hebrew,1,7,7.0
14247,1QM,5,25,Hebrew,1,5,5.0
14248,1QM,5,26,Hebrew,1,12,12.0
14249,1QM,5,27,Hebrew,1,6,6.0
14250,1QM,5,27,Hebrew,1,5,5.0
14251,1QM,5,28,Hebrew,1,7,7.0
14253,1QM,5,28,Hebrew,2,8,4.0
14254,1QM,5,29,Hebrew,1,7,7.0
14255,1QM,5,29,Hebrew,1,8,8.0
14256,1QM,5,30,Hebrew,1,5,5.0
14257,1QM,5,30,Hebrew,1,5,5.0
14258,1QM,5,31,Hebrew,1,7,7.0
14264,1QM,5,33,Hebrew,4,29,7.25
14261,1QM,5,33,Hebrew,2,17,8.5
14265,1QM,5,34,Hebrew,1,7,7.0
14266,1QM,5,34,Hebrew,1,7,7.0
14268,1QM,5,35,Hebrew,2,15,7.5
14271,1QM,5,36,Hebrew,3,23,7.666666666666667
14272,1QM,5,37,Hebrew,1,9,9.0
14273,1QM,5,37,Hebrew,1,8,8.0
14274,1QM,5,37,Hebrew,1,7,7.0
14275,1QM,5,38,Hebrew,1,11,11.0
14276,1QM,5,38,Hebrew,1,6,6.0
14278,1QM,5,38,Hebrew,2,15,7.5
14288,1QM,5,40,Hebrew,9,47,5.222222222222222
14285,1QM,5,39,Hebrew,1,5,5.0
14289,1QM,5,40,Hebrew,1,13,13.0
14290,1QM,5,41,Hebrew,1,13,13.0
14291,1QM,5,41,Hebrew,1,4,4.0
14292,1QM,5,41,Hebrew,1,1,1.0
14293,1QM,5,41,Hebrew,1,1,1.0
14294,1QM,5,41,Hebrew,1,5,5.0
14296,1QM,5,42,Hebrew,2,12,6.0
14297,1QM,5,42,Hebrew,1,7,7.0
14298,1QM,5,43,Hebrew,1,3,3.0
14302,1QM,5,43,Hebrew,2,8,4.0
14300,1QM,5,43,Hebrew,1,1,1.0
14301,1QM,5,43,Hebrew,1,1,1.0
14303,1QM,5,44,Hebrew,1,2,2.0
14304,1QM,5,44,Hebrew,1,1,1.0
14305,1QM,5,46,Hebrew,1,13,13.0
14307,1QM,5,47,Hebrew,2,13,6.5
14309,1QM,5,48,Hebrew,2,14,7.0
14316,1QM,5,49,Hebrew,7,34,4.857142857142857
14320,1QM,5,50,Hebrew,4,24,6.0
14324,1QM,5,51,Hebrew,4,31,7.75
14325,1QM,5,52,Hebrew,1,11,11.0
14326,1QM,5,52,Hebrew,1,5,5.0
14328,1QM,5,53,Hebrew,2,18,9.0
14329,1QM,5,53,Hebrew,1,7,7.0
14330,1QM,5,54,Hebrew,1,15,15.0
14331,1QM,5,55,Hebrew,1,11,11.0
14334,1QM,6,1,Hebrew,3,29,9.666666666666666
14335,1QM,6,1,Hebrew,1,9,9.0
14336,1QM,6,1,Hebrew,1,18,18.0
14337,1QM,6,1,Hebrew,1,6,6.0
14338,1QM,6,1,Hebrew,1,2,2.0
14339,1QM,6,1,Hebrew,1,7,7.0
14341,1QM,6,2,Hebrew,2,19,9.5
14342,1QM,6,3,Hebrew,1,25,25.0
14344,1QM,6,4,Hebrew,2,14,7.0
14345,1QM,6,4,Hebrew,1,8,8.0
14346,1QM,6,5,Hebrew,1,13,13.0
14347,1QM,6,6,Hebrew,1,9,9.0
14348,1QM,6,6,Hebrew,1,4,4.0
14349,1QM,6,7,Hebrew,1,10,10.0
14350,1QM,6,7,Hebrew,1,1,1.0
14351,1QM,6,7,Hebrew,1,2,2.0
14352,1QM,6,8,Hebrew,1,11,11.0
14353,1QM,6,8,Hebrew,1,5,5.0
14354,1QM,6,8,Hebrew,1,1,1.0
14355,1QM,6,8,Hebrew,1,4,4.0
14356,1QM,6,8,Hebrew,1,1,1.0
14357,1QM,6,8,Hebrew,1,2,2.0
14361,1QM,6,10,Hebrew,4,16,4.0
14362,1QM,6,11,Hebrew,1,11,11.0
14364,1QM,6,11,Hebrew,2,13,6.5
14365,1QM,6,12,Hebrew,1,8,8.0
14366,1QM,6,12,Hebrew,1,8,8.0
14367,1QM,6,12,Hebrew,1,5,5.0
14368,1QM,6,12,Hebrew,1,12,12.0
14369,1QM,6,13,Hebrew,1,11,11.0
14371,1QM,6,14,Hebrew,2,12,6.0
14375,1QM,6,15,Hebrew,4,27,6.75
14376,1QM,6,15,Hebrew,1,8,8.0
14378,1QM,6,16,Hebrew,2,15,7.5
14380,1QM,6,17,Hebrew,2,18,9.0
14382,1QM,6,18,Hebrew,2,12,6.0
14383,1QM,6,19,Hebrew,1,4,4.0
14387,1QM,6,19,Hebrew,4,22,5.5
14388,1QM,6,19,Hebrew,1,2,2.0
14389,1QM,6,20,Hebrew,1,15,15.0
14390,1QM,6,21,Hebrew,1,12,12.0
14391,1QM,6,22,Hebrew,1,5,5.0
14392,1QM,6,22,Hebrew,1,1,1.0
14393,1QM,6,22,Hebrew,1,1,1.0
14394,1QM,6,22,Hebrew,1,1,1.0
14396,1QM,6,22,Hebrew,2,6,3.0
14397,1QM,6,23,Hebrew,1,2,2.0
14398,1QM,6,23,Hebrew,1,2,2.0
14399,1QM,6,23,Hebrew,1,2,2.0
14400,1QM,6,23,Hebrew,1,1,1.0
14401,1QM,6,23,Hebrew,1,5,5.0
14402,1QM,6,23,Hebrew,1,1,1.0
14403,1QM,6,23,Hebrew,1,2,2.0
14404,1QM,6,23,Hebrew,1,1,1.0
14406,1QM,6,25,Hebrew,2,7,3.5
14407,1QM,6,25,Hebrew,1,9,9.0
14410,1QM,6,26,Hebrew,3,17,5.666666666666667
14411,1QM,6,26,Hebrew,1,4,4.0
14413,1QM,6,27,Hebrew,2,7,3.5
14415,1QM,6,27,Hebrew,2,14,7.0
14416,1QM,6,27,Hebrew,1,13,13.0
14418,1QM,6,28,Hebrew,2,9,4.5
14419,1QM,6,28,Hebrew,1,15,15.0
14421,1QM,6,29,Hebrew,2,12,6.0
14422,1QM,6,30,Hebrew,1,10,10.0
14425,1QM,6,30,Hebrew,2,4,2.0
14424,1QM,6,30,Hebrew,1,4,4.0
14426,1QM,6,31,Hebrew,1,11,11.0
14428,1QM,6,32,Hebrew,2,11,5.5
14430,1QM,6,32,Hebrew,2,13,6.5
14431,1QM,6,32,Hebrew,1,3,3.0
14432,1QM,6,33,Hebrew,1,10,10.0
14435,1QM,6,34,Hebrew,3,12,4.0
14436,1QM,6,34,Hebrew,1,1,1.0
14437,1QM,6,34,Hebrew,1,1,1.0
14439,1QM,6,35,Hebrew,2,12,6.0
14440,1QM,6,35,Hebrew,1,3,3.0
14441,1QM,6,35,Hebrew,1,2,2.0
14442,1QM,6,35,Hebrew,1,1,1.0
14443,1QM,6,35,Hebrew,1,1,1.0
14444,1QM,6,35,Hebrew,1,3,3.0
14445,1QM,6,35,Hebrew,1,1,1.0
14446,1QM,6,35,Hebrew,1,1,1.0
14448,1QM,6,36,Hebrew,2,8,4.0
14450,1QM,6,36,Hebrew,2,6,3.0
14452,1QM,6,37,Hebrew,2,14,7.0
14453,1QM,6,38,Hebrew,1,1,1.0
14454,1QM,6,38,Hebrew,1,11,11.0
14455,1QM,6,39,Hebrew,1,6,6.0
14456,1QM,6,39,Hebrew,1,4,4.0
14457,1QM,6,39,Hebrew,1,5,5.0
14463,1QM,6,40,Hebrew,4,15,3.75
14460,1QM,6,40,Hebrew,1,1,1.0
14462,1QM,6,40,Hebrew,1,1,1.0
14465,1QM,6,41,Hebrew,2,4,2.0
14466,1QM,6,41,Hebrew,1,1,1.0
14467,1QM,6,42,Hebrew,1,2,2.0
14468,1QM,6,42,Hebrew,1,1,1.0
14469,1QM,6,42,Hebrew,1,1,1.0
14470,1QM,6,42,Hebrew,1,1,1.0
14471,1QM,6,42,Hebrew,1,1,1.0
14472,1QM,6,42,Hebrew,1,1,1.0
14473,1QM,7,1,Hebrew,1,2,2.0
14474,1QM,7,1,Hebrew,1,8,8.0
14477,1QM,7,2,Hebrew,3,20,6.666666666666667
14478,1QM,7,2,Hebrew,1,1,1.0
14479,1QM,7,2,Hebrew,1,1,1.0
14481,1QM,7,3,Hebrew,2,10,5.0
14482,1QM,7,3,Hebrew,1,6,6.0
14483,1QM,7,3,Hebrew,1,4,4.0
14485,1QM,7,3,Hebrew,2,7,3.5
14487,1QM,7,3,Hebrew,2,2,1.0
14488,1QM,7,3,Hebrew,1,10,10.0
14489,1QM,7,4,Hebrew,1,2,2.0
14490,1QM,7,4,Hebrew,1,5,5.0
14491,1QM,7,5,Hebrew,1,3,3.0
14492,1QM,7,5,Hebrew,1,6,6.0
14495,1QM,7,5,Hebrew,3,17,5.666666666666667
14500,1QM,7,6,Hebrew,5,30,6.0
14502,1QM,7,7,Hebrew,2,8,4.0
14504,1QM,7,7,Hebrew,2,13,6.5
14505,1QM,7,7,Hebrew,1,1,1.0
14506,1QM,7,7,Hebrew,1,3,3.0
14507,1QM,7,7,Hebrew,1,6,6.0
14508,1QM,7,7,Hebrew,1,5,5.0
14511,1QM,7,8,Hebrew,3,25,8.333333333333334
14514,1QM,7,10,Hebrew,3,18,6.0
14515,1QM,7,10,Hebrew,1,3,3.0
14516,1QM,7,10,Hebrew,1,2,2.0
14517,1QM,7,10,Hebrew,1,4,4.0
14518,1QM,7,10,Hebrew,1,4,4.0
14519,1QM,7,10,Hebrew,1,2,2.0
14520,1QM,7,10,Hebrew,1,3,3.0
14521,1QM,7,10,Hebrew,1,12,12.0
14522,1QM,7,10,Hebrew,1,1,1.0
14529,1QM,7,11,Hebrew,4,52,13.0
14524,1QM,7,11,Hebrew,1,1,1.0
14526,1QM,7,11,Hebrew,1,1,1.0
14527,1QM,7,11,Hebrew,1,1,1.0
14530,1QM,7,12,Hebrew,1,1,1.0
14532,1QM,7,12,Hebrew,2,6,3.0
14533,1QM,7,12,Hebrew,1,1,1.0
14534,1QM,7,12,Hebrew,1,5,5.0
14535,1QM,7,12,Hebrew,1,1,1.0
14536,1QM,7,12,Hebrew,1,1,1.0
14537,1QM,7,12,Hebrew,1,2,2.0
14538,1QM,7,12,Hebrew,1,1,1.0
14539,1QM,7,14,Hebrew,1,6,6.0
14540,1QM,7,15,Hebrew,1,8,8.0
14541,1QM,7,15,Hebrew,1,3,3.0
14542,1QM,7,16,Hebrew,1,14,14.0
14544,1QM,7,16,Hebrew,2,13,6.5
14545,1QM,7,17,Hebrew,1,5,5.0
14546,1QM,7,18,Hebrew,1,10,10.0
14549,1QM,7,19,Hebrew,3,21,7.0
14550,1QM,7,19,Hebrew,1,4,4.0
14551,1QM,7,20,Hebrew,1,4,4.0
14553,1QM,7,20,Hebrew,2,10,5.0
14554,1QM,7,21,Hebrew,1,10,10.0
14555,1QM,7,21,Hebrew,1,11,11.0
14557,1QM,7,22,Hebrew,2,9,4.5
14558,1QM,7,22,Hebrew,1,4,4.0
14559,1QM,7,22,Hebrew,1,4,4.0
14560,1QM,7,22,Hebrew,1,4,4.0
14561,1QM,7,22,Hebrew,1,5,5.0
14562,1QM,7,23,Hebrew,1,4,4.0
14563,1QM,7,23,Hebrew,1,5,5.0
14564,1QM,7,23,Hebrew,1,4,4.0
14565,1QM,7,23,Hebrew,1,4,4.0
14570,1QM,7,24,Hebrew,5,31,6.2
14571,1QM,7,24,Hebrew,1,1,1.0
14572,1QM,7,24,Hebrew,1,6,6.0
14573,1QM,7,24,Hebrew,1,6,6.0
14574,1QM,7,25,Hebrew,1,14,14.0
14576,1QM,7,26,Hebrew,2,11,5.5
14578,1QM,7,26,Hebrew,2,5,2.5
14579,1QM,7,27,Hebrew,1,3,3.0
14580,1QM,7,27,Hebrew,1,1,1.0
14581,1QM,7,27,Hebrew,1,1,1.0
14583,1QM,7,27,Hebrew,2,8,4.0
14585,1QM,7,27,Hebrew,2,7,3.5
14587,1QM,7,27,Hebrew,2,6,3.0
14596,1QM,7,28,Hebrew,8,55,6.875
14594,1QM,7,28,Hebrew,1,2,2.0
14597,1QM,7,29,Hebrew,1,1,1.0
14598,1QM,7,29,Hebrew,1,1,1.0
14599,1QM,7,29,Hebrew,1,8,8.0
14600,1QM,7,29,Hebrew,1,1,1.0
14601,1QM,7,29,Hebrew,1,1,1.0
14602,1QM,7,29,Hebrew,1,1,1.0
14603,1QM,7,29,Hebrew,1,7,7.0
14604,1QM,7,29,Hebrew,1,1,1.0
14605,1QM,7,29,Hebrew,1,2,2.0
14606,1QM,7,31,Hebrew,1,7,7.0
14607,1QM,7,31,Hebrew,1,7,7.0
14608,1QM,7,31,Hebrew,1,1,1.0
14609,1QM,7,31,Hebrew,1,1,1.0
14610,1QM,7,32,Hebrew,1,7,7.0
14611,1QM,7,32,Hebrew,1,1,1.0
14612,1QM,7,33,Hebrew,1,1,1.0
14613,1QM,7,33,Hebrew,1,10,10.0
14614,1QM,7,33,Hebrew,1,1,1.0
14615,1QM,7,33,Hebrew,1,1,1.0
14616,1QM,7,33,Hebrew,1,4,4.0
14620,1QM,7,34,Hebrew,3,19,6.333333333333333
14619,1QM,7,34,Hebrew,1,4,4.0
14621,1QM,7,34,Hebrew,1,1,1.0
14622,1QM,7,34,Hebrew,1,1,1.0
14623,1QM,7,34,Hebrew,1,7,7.0
14624,1QM,7,34,Hebrew,1,4,4.0
14625,1QM,7,34,Hebrew,1,2,2.0
14626,1QM,7,34,Hebrew,1,5,5.0
14627,1QM,7,34,Hebrew,1,6,6.0
14628,1QM,7,34,Hebrew,1,5,5.0
14630,1QM,7,35,Hebrew,2,3,1.5
14631,1QM,7,35,Hebrew,1,1,1.0
14632,1QM,7,35,Hebrew,1,4,4.0
14633,1QM,7,35,Hebrew,1,10,10.0
14634,1QM,7,36,Hebrew,1,1,1.0
14635,1QM,7,36,Hebrew,1,4,4.0
14636,1QM,7,36,Hebrew,1,6,6.0
14637,1QM,7,37,Hebrew,1,3,3.0
14638,1QM,7,37,Hebrew,1,8,8.0
14639,1QM,7,38,Hebrew,1,1,1.0
14640,1QM,7,38,Hebrew,1,5,5.0
14641,1QM,7,39,Hebrew,1,7,7.0
14642,1QM,7,39,Hebrew,1,7,7.0
14643,1QM,7,40,Hebrew,1,3,3.0
14644,1QM,7,40,Hebrew,1,1,1.0
14646,1QM,7,40,Hebrew,2,7,3.5
14648,1QM,7,40,Hebrew,2,11,5.5
14650,1QM,7,41,Hebrew,2,2,1.0
14652,1QM,7,41,Hebrew,2,5,2.5
14654,1QM,7,41,Hebrew,2,6,3.0
14656,1QM,7,42,Hebrew,2,13,6.5
14657,1QM,7,43,Hebrew,1,4,4.0
14658,1QM,7,43,Hebrew,1,6,6.0
14660,1QM,7,44,Hebrew,2,8,4.0
14661,1QM,7,45,Hebrew,1,5,5.0
14662,1QM,7,45,Hebrew,1,9,9.0
14664,1QM,7,46,Hebrew,2,3,1.5
14666,1QM,7,46,Hebrew,2,5,2.5
14668,1QM,7,46,Hebrew,2,5,2.5
14670,1QM,7,47,Hebrew,2,10,5.0
14671,1QM,7,48,Hebrew,1,5,5.0
14672,1QM,7,48,Hebrew,1,7,7.0
14673,1QM,7,48,Hebrew,1,2,2.0
14674,1QM,7,49,Hebrew,1,1,1.0
14675,1QM,7,49,Hebrew,1,2,2.0
14676,1QM,7,49,Hebrew,1,4,4.0
14677,1QM,7,49,Hebrew,1,3,3.0
14678,1QM,7,49,Hebrew,1,2,2.0
14679,1QM,7,49,Hebrew,1,1,1.0
14680,1QM,7,49,Hebrew,1,1,1.0
14681,1QM,7,49,Hebrew,1,2,2.0
14682,1QM,7,49,Hebrew,1,3,3.0
14683,1QM,7,50,Hebrew,1,1,1.0
14684,1QM,7,50,Hebrew,1,1,1.0
14685,1QM,7,50,Hebrew,1,3,3.0
14686,1QM,7,50,Hebrew,1,1,1.0
14687,1QM,7,50,Hebrew,1,1,1.0
14688,1QM,7,50,Hebrew,1,3,3.0
14689,1QM,7,50,Hebrew,1,1,1.0
14690,1QM,8,1,Hebrew,1,15,15.0
14691,1QM,8,2,Hebrew,1,14,14.0
14692,1QM,8,2,Hebrew,1,11,11.0
14693,1QM,8,3,Hebrew,1,2,2.0
14694,1QM,8,3,Hebrew,1,2,2.0
14695,1QM,8,3,Hebrew,1,12,12.0
14698,1QM,8,3,Hebrew,3,11,3.6666666666666665
14699,1QM,8,4,Hebrew,1,6,6.0
14700,1QM,8,4,Hebrew,1,7,7.0
14701,1QM,8,5,Hebrew,1,10,10.0
14702,1QM,8,5,Hebrew,1,9,9.0
14703,1QM,8,5,Hebrew,1,4,4.0
14704,1QM,8,5,Hebrew,1,6,6.0
14707,1QM,8,6,Hebrew,3,10,3.3333333333333335
14708,1QM,8,7,Hebrew,1,3,3.0
14709,1QM,8,7,Hebrew,1,1,1.0
14710,1QM,8,7,Hebrew,1,2,2.0
14711,1QM,8,7,Hebrew,1,1,1.0
14712,1QM,8,7,Hebrew,1,3,3.0
14713,1QM,8,7,Hebrew,1,9,9.0
14714,1QM,8,8,Hebrew,1,8,8.0
14715,1QM,8,8,Hebrew,1,1,1.0
14716,1QM,8,8,Hebrew,1,11,11.0
14717,1QM,8,8,Hebrew,1,1,1.0
14718,1QM,8,8,Hebrew,1,8,8.0
14719,1QM,8,9,Hebrew,1,1,1.0
14720,1QM,8,9,Hebrew,1,1,1.0
14721,1QM,8,9,Hebrew,1,4,4.0
14722,1QM,8,9,Hebrew,1,9,9.0
14724,1QM,8,10,Hebrew,2,9,4.5
14725,1QM,8,10,Hebrew,1,1,1.0
14726,1QM,8,10,Hebrew,1,1,1.0
14727,1QM,8,10,Hebrew,1,7,7.0
14729,1QM,8,11,Hebrew,2,8,4.0
14730,1QM,8,12,Hebrew,1,3,3.0
14731,1QM,8,12,Hebrew,1,1,1.0
14734,1QM,8,12,Hebrew,3,9,3.0
14735,1QM,8,13,Hebrew,1,11,11.0
14736,1QM,8,13,Hebrew,1,6,6.0
14737,1QM,8,14,Hebrew,1,11,11.0
14738,1QM,8,14,Hebrew,1,5,5.0
14739,1QM,8,14,Hebrew,1,9,9.0
14741,1QM,8,15,Hebrew,2,7,3.5
14742,1QM,8,15,Hebrew,1,6,6.0
14743,1QM,8,16,Hebrew,1,7,7.0
14744,1QM,8,16,Hebrew,1,1,1.0
14745,1QM,8,17,Hebrew,1,8,8.0
14746,1QM,8,17,Hebrew,1,1,1.0
14747,1QM,8,17,Hebrew,1,1,1.0
14748,1QM,8,17,Hebrew,1,1,1.0
14749,1QM,8,17,Hebrew,1,1,1.0
14750,1QM,8,17,Hebrew,1,2,2.0
14753,1QM,8,17,Hebrew,3,12,4.0
14754,1QM,8,17,Hebrew,1,1,1.0
14755,1QM,8,17,Hebrew,1,1,1.0
14756,1QM,8,17,Hebrew,1,3,3.0
14757,1QM,8,17,Hebrew,1,5,5.0
14758,1QM,8,17,Hebrew,1,2,2.0
14759,1QM,8,17,Hebrew,1,1,1.0
14760,1QM,8,17,Hebrew,1,1,1.0
14761,1QM,8,18,Hebrew,1,4,4.0
14762,1QM,8,18,Hebrew,1,1,1.0
14763,1QM,8,20,Hebrew,1,7,7.0
14766,1QM,9,1,Hebrew,3,19,6.333333333333333
14767,1QM,9,2,Hebrew,1,7,7.0
14768,1QM,9,2,Hebrew,1,7,7.0
14772,1QM,9,3,Hebrew,4,17,4.25
14773,1QM,9,4,Hebrew,1,8,8.0
14774,1QM,9,4,Hebrew,1,7,7.0
14775,1QM,9,5,Hebrew,1,2,2.0
14776,1QM,9,5,Hebrew,1,2,2.0
14780,1QM,9,5,Hebrew,4,16,4.0
14781,1QM,9,6,Hebrew,1,3,3.0
14782,1QM,9,6,Hebrew,1,1,1.0
14783,1QM,9,6,Hebrew,1,1,1.0
14784,1QM,9,6,Hebrew,1,1,1.0
14785,1QM,9,6,Hebrew,1,6,6.0
14786,1QM,9,6,Hebrew,1,2,2.0
14787,1QM,9,6,Hebrew,1,8,8.0
14789,1QM,9,6,Hebrew,2,10,5.0
14790,1QM,9,6,Hebrew,1,1,1.0
14791,1QM,9,6,Hebrew,1,3,3.0
14793,1QM,9,7,Hebrew,2,13,6.5
14794,1QM,9,8,Hebrew,1,4,4.0
14795,1QM,9,8,Hebrew,1,1,1.0
14796,1QM,9,8,Hebrew,1,2,2.0
14797,1QM,9,9,Hebrew,1,8,8.0
14798,1QM,9,10,Hebrew,1,7,7.0
14799,1QM,9,11,Hebrew,1,3,3.0
14800,1QM,9,12,Hebrew,1,2,2.0
14802,1QM,9,12,Hebrew,2,9,4.5
14803,1QM,9,13,Hebrew,1,10,10.0
14804,1QM,9,13,Hebrew,1,3,3.0
14805,1QM,9,14,Hebrew,1,7,7.0
14806,1QM,9,14,Hebrew,1,1,1.0
14807,1QM,9,14,Hebrew,1,3,3.0
14808,1QM,9,15,Hebrew,1,7,7.0
14809,1QM,9,15,Hebrew,1,1,1.0
14810,1QM,9,15,Hebrew,1,2,2.0
14811,1QM,9,15,Hebrew,1,4,4.0
14812,1QM,9,16,Hebrew,1,7,7.0
14813,1QM,9,16,Hebrew,1,3,3.0
14814,1QM,9,16,Hebrew,1,1,1.0
14815,1QM,9,17,Hebrew,1,6,6.0
14816,1QM,9,17,Hebrew,1,6,6.0
14817,1QM,9,18,Hebrew,1,7,7.0
14818,1QM,9,19,Hebrew,1,5,5.0
14819,1QM,9,19,Hebrew,1,1,1.0
14820,1QM,9,20,Hebrew,1,12,12.0
14821,1QM,9,20,Hebrew,1,5,5.0
14822,1QM,9,20,Hebrew,1,1,1.0
14823,1QM,9,20,Hebrew,1,15,15.0
14824,1QM,9,21,Hebrew,1,5,5.0
14825,1QM,9,21,Hebrew,1,7,7.0
14826,1QM,9,21,Hebrew,1,1,1.0
14827,1QM,9,21,Hebrew,1,1,1.0
14828,1QM,9,21,Hebrew,1,4,4.0
14829,1QM,9,21,Hebrew,1,5,5.0
14830,1QM,9,22,Hebrew,1,1,1.0
14832,1QM,9,22,Hebrew,2,3,1.5
14833,1QM,9,22,Hebrew,1,4,4.0
14834,1QM,9,23,Hebrew,1,3,3.0
14835,1QM,9,24,Hebrew,1,4,4.0
14836,1QM,9,24,Hebrew,1,1,1.0
14837,1QM,9,24,Hebrew,1,4,4.0
14843,1QM,10,3,Hebrew,2,8,4.0
14839,1QM,10,1,Hebrew,1,1,1.0
14840,1QM,10,1,Hebrew,1,5,5.0
14841,1QM,10,2,Hebrew,1,6,6.0
14842,1QM,10,2,Hebrew,1,6,6.0
14844,1QM,10,3,Hebrew,1,1,1.0
14845,1QM,10,3,Hebrew,1,2,2.0
14846,1QM,10,3,Hebrew,1,1,1.0
14848,1QM,10,3,Hebrew,2,17,8.5
14849,1QM,10,3,Hebrew,1,3,3.0
14850,1QM,10,4,Hebrew,1,5,5.0
14851,1QM,10,4,Hebrew,1,15,15.0
14852,1QM,10,5,Hebrew,1,10,10.0
14853,1QM,10,5,Hebrew,1,9,9.0
14854,1QM,10,6,Hebrew,1,7,7.0
14855,1QM,10,6,Hebrew,1,1,1.0
14856,1QM,10,6,Hebrew,1,1,1.0
14858,1QM,10,7,Hebrew,2,14,7.0
14859,1QM,10,7,Hebrew,1,2,2.0
14860,1QM,10,7,Hebrew,1,1,1.0
14861,1QM,10,7,Hebrew,1,1,1.0
14862,1QM,10,8,Hebrew,1,2,2.0
14863,1QM,10,8,Hebrew,1,2,2.0
14864,1QM,10,8,Hebrew,1,1,1.0
14865,1QM,10,8,Hebrew,1,2,2.0
14866,1QM,10,8,Hebrew,1,5,5.0
14867,1QM,10,9,Hebrew,1,2,2.0
14868,1QM,10,9,Hebrew,1,2,2.0
14869,1QM,10,9,Hebrew,1,1,1.0
14870,1QM,10,9,Hebrew,1,1,1.0
14871,1QM,10,10,Hebrew,1,3,3.0
14872,1QM,10,10,Hebrew,1,6,6.0
14873,1QM,10,10,Hebrew,1,4,4.0
14874,1QM,10,10,Hebrew,1,2,2.0
14875,1QM,10,10,Hebrew,1,1,1.0
14876,1QM,10,11,Hebrew,1,4,4.0
14877,1QM,10,11,Hebrew,1,6,6.0
14878,1QM,10,11,Hebrew,1,5,5.0
14879,1QM,10,12,Hebrew,1,1,1.0
14880,1QM,10,12,Hebrew,1,2,2.0
14881,1QM,10,12,Hebrew,1,6,6.0
14882,1QM,10,12,Hebrew,1,5,5.0
14883,1QM,10,12,Hebrew,1,1,1.0
14884,1QM,10,12,Hebrew,1,2,2.0
14885,1QM,10,12,Hebrew,1,7,7.0
14886,1QM,10,12,Hebrew,1,1,1.0
14887,1QM,10,12,Hebrew,1,1,1.0
14888,1QM,10,12,Hebrew,1,4,4.0
14889,1QM,10,12,Hebrew,1,7,7.0
14890,1QM,10,12,Hebrew,1,5,5.0
14891,1QM,10,12,Hebrew,1,1,1.0
14892,1QM,10,12,Hebrew,1,3,3.0
14893,1QM,10,13,Hebrew,1,5,5.0
14894,1QM,10,13,Hebrew,1,1,1.0
14895,1QM,10,13,Hebrew,1,1,1.0
14896,1QM,10,13,Hebrew,1,2,2.0
14897,1QM,10,13,Hebrew,1,3,3.0
14898,1QM,10,13,Hebrew,1,6,6.0
14899,1QM,10,13,Hebrew,1,3,3.0
14900,1QM,10,13,Hebrew,1,1,1.0
14901,1QM,10,13,Hebrew,1,2,2.0
14902,1QM,10,13,Hebrew,1,1,1.0
14903,1QM,10,13,Hebrew,1,1,1.0
14904,1QM,10,13,Hebrew,1,1,1.0
14905,1QM,10,13,Hebrew,1,1,1.0
14906,1QM,10,15,Hebrew,1,3,3.0
14907,1QM,10,15,Hebrew,1,1,1.0
14908,1QM,10,15,Hebrew,1,8,8.0
14909,1QM,10,15,Hebrew,1,7,7.0
14912,1QM,10,16,Hebrew,2,13,6.5
14911,1QM,10,16,Hebrew,1,2,2.0
14913,1QM,10,17,Hebrew,1,11,11.0
14914,1QM,10,17,Hebrew,1,5,5.0
14915,1QM,10,18,Hebrew,1,1,1.0
14916,1QM,10,18,Hebrew,1,3,3.0
14917,1QM,10,18,Hebrew,1,6,6.0
14918,1QM,10,19,Hebrew,1,8,8.0
14922,1QM,10,20,Hebrew,2,10,5.0
14920,1QM,10,20,Hebrew,1,1,1.0
14921,1QM,10,20,Hebrew,1,4,4.0
14923,1QM,10,21,Hebrew,1,8,8.0
14924,1QM,10,21,Hebrew,1,1,1.0
14927,1QM,10,22,Hebrew,3,19,6.333333333333333
14930,1QM,10,22,Hebrew,2,5,2.5
14929,1QM,10,22,Hebrew,1,6,6.0
14931,1QM,10,23,Hebrew,1,9,9.0
14932,1QM,10,23,Hebrew,1,1,1.0
14933,1QM,10,23,Hebrew,1,1,1.0
14934,1QM,10,23,Hebrew,1,2,2.0
14935,1QM,10,24,Hebrew,1,1,1.0
14938,1QM,10,24,Hebrew,3,12,4.0
14939,1QM,10,24,Hebrew,1,8,8.0
14941,1QM,10,25,Hebrew,2,9,4.5
14942,1QM,10,25,Hebrew,1,7,7.0
14943,1QM,11,1,Hebrew,1,3,3.0
14944,1QM,11,1,Hebrew,1,4,4.0
14946,1QM,11,1,Hebrew,2,10,5.0
14951,1QM,11,1,Hebrew,5,25,5.0
14952,1QM,11,1,Hebrew,1,5,5.0
14953,1QM,11,2,Hebrew,1,1,1.0
14954,1QM,11,2,Hebrew,1,1,1.0
14956,1QM,11,2,Hebrew,2,3,1.5
14957,1QM,11,3,Hebrew,1,5,5.0
14958,1QM,11,3,Hebrew,1,6,6.0
14962,1QM,11,3,Hebrew,2,12,6.0
14960,1QM,11,3,Hebrew,1,1,1.0
14961,1QM,11,3,Hebrew,1,1,1.0
14963,1QM,11,4,Hebrew,1,2,2.0
14964,1QM,11,4,Hebrew,1,2,2.0
14965,1QM,11,4,Hebrew,1,7,7.0
14966,1QM,11,4,Hebrew,1,2,2.0
14967,1QM,11,4,Hebrew,1,2,2.0
14968,1QM,11,4,Hebrew,1,7,7.0
14969,1QM,11,5,Hebrew,1,1,1.0
14970,1QM,11,5,Hebrew,1,2,2.0
14971,1QM,11,5,Hebrew,1,1,1.0
14972,1QM,11,5,Hebrew,1,1,1.0
14973,1QM,11,7,Hebrew,1,6,6.0
14974,1QM,11,7,Hebrew,1,2,2.0
14975,1QM,11,8,Hebrew,1,5,5.0
14976,1QM,11,8,Hebrew,1,3,3.0
14977,1QM,11,8,Hebrew,1,1,1.0
14978,1QM,11,8,Hebrew,1,1,1.0
14981,1QM,11,9,Hebrew,3,17,5.666666666666667
14983,1QM,11,10,Hebrew,2,7,3.5
14984,1QM,11,10,Hebrew,1,1,1.0
14986,1QM,11,11,Hebrew,2,3,1.5
14987,1QM,11,11,Hebrew,1,4,4.0
14988,1QM,11,11,Hebrew,1,1,1.0
14989,1QM,11,11,Hebrew,1,7,7.0
14990,1QM,11,11,Hebrew,1,5,5.0
14991,1QM,11,11,Hebrew,1,1,1.0
14992,1QM,11,12,Hebrew,1,2,2.0
14993,1QM,11,12,Hebrew,1,1,1.0
14994,1QM,11,12,Hebrew,1,4,4.0
14995,1QM,11,13,Hebrew,1,1,1.0
14996,1QM,11,13,Hebrew,1,1,1.0
14997,1QM,11,13,Hebrew,1,1,1.0
14999,1QM,11,13,Hebrew,2,4,2.0
15002,1QM,11,14,Hebrew,3,12,4.0
15003,1QM,11,15,Hebrew,1,6,6.0
15004,1QM,11,15,Hebrew,1,1,1.0
15005,1QM,11,15,Hebrew,1,11,11.0
15006,1QM,11,16,Hebrew,1,6,6.0
15007,1QM,11,16,Hebrew,1,6,6.0
15009,1QM,11,17,Hebrew,2,13,6.5
15010,1QM,11,18,Hebrew,1,5,5.0
15011,1QM,11,18,Hebrew,1,9,9.0
15014,1QM,11,19,Hebrew,3,9,3.0
15015,1QM,11,19,Hebrew,1,4,4.0
15016,1QM,11,19,Hebrew,1,9,9.0
15017,1QM,11,20,Hebrew,1,16,16.0
15018,1QM,11,21,Hebrew,1,8,8.0
15019,1QM,11,21,Hebrew,1,1,1.0
15020,1QM,11,21,Hebrew,1,1,1.0
15021,1QM,11,21,Hebrew,1,1,1.0
15022,1QM,11,21,Hebrew,1,2,2.0
15024,1QM,11,22,Hebrew,2,10,5.0
15030,1QM,11,23,Hebrew,3,12,4.0
15027,1QM,11,23,Hebrew,1,2,2.0
15029,1QM,11,23,Hebrew,2,3,1.5
15031,1QM,11,23,Hebrew,1,8,8.0
15032,1QM,11,23,Hebrew,1,1,1.0
15033,1QM,11,23,Hebrew,1,6,6.0
15034,1QM,11,24,Hebrew,1,11,11.0
15035,1QM,11,24,Hebrew,1,1,1.0
15036,1QM,11,24,Hebrew,1,1,1.0
15038,1QM,11,24,Hebrew,2,7,3.5
15039,1QM,11,25,Hebrew,1,8,8.0
15043,1QM,11,26,Hebrew,2,8,4.0
15041,1QM,11,26,Hebrew,1,1,1.0
15042,1QM,11,26,Hebrew,1,1,1.0
15044,1QM,11,26,Hebrew,1,1,1.0
15045,1QM,11,26,Hebrew,1,1,1.0
15046,1QM,11,26,Hebrew,1,1,1.0
15047,1QM,11,26,Hebrew,1,1,1.0
15048,1QM,11,26,Hebrew,1,5,5.0
15049,1QM,11,27,Hebrew,1,6,6.0
15050,1QM,11,27,Hebrew,1,1,1.0
15051,1QM,11,27,Hebrew,1,1,1.0
15052,1QM,11,27,Hebrew,1,1,1.0
15053,1QM,11,27,Hebrew,1,1,1.0
15054,1QM,11,27,Hebrew,1,1,1.0
15055,1QM,12,1,Hebrew,1,1,1.0
15056,1QM,12,1,Hebrew,1,1,1.0
15057,1QM,12,1,Hebrew,1,10,10.0
15058,1QM,12,1,Hebrew,1,5,5.0
15060,1QM,12,1,Hebrew,2,6,3.0
15061,1QM,12,2,Hebrew,1,1,1.0
15062,1QM,12,2,Hebrew,1,3,3.0
15063,1QM,12,2,Hebrew,1,3,3.0
15064,1QM,12,2,Hebrew,1,3,3.0
15065,1QM,12,2,Hebrew,1,2,2.0
15066,1QM,12,3,Hebrew,1,8,8.0
15067,1QM,12,4,Hebrew,1,8,8.0
15068,1QM,12,4,Hebrew,1,3,3.0
15069,1QM,12,4,Hebrew,1,8,8.0
15073,1QM,12,4,Hebrew,2,7,3.5
15071,1QM,12,4,Hebrew,1,1,1.0
15072,1QM,12,4,Hebrew,1,1,1.0
15075,1QM,12,5,Hebrew,2,10,5.0
15077,1QM,12,5,Hebrew,2,13,6.5
15078,1QM,12,5,Hebrew,1,2,2.0
15079,1QM,12,5,Hebrew,1,2,2.0
15080,1QM,12,5,Hebrew,1,6,6.0
15081,1QM,12,6,Hebrew,1,2,2.0
15082,1QM,12,6,Hebrew,1,2,2.0
15084,1QM,12,6,Hebrew,2,5,2.5
15086,1QM,12,6,Hebrew,2,7,3.5
15087,1QM,12,7,Hebrew,1,8,8.0
15088,1QM,12,7,Hebrew,1,11,11.0
15089,1QM,12,8,Hebrew,1,1,1.0
15090,1QM,12,8,Hebrew,1,7,7.0
15092,1QM,12,8,Hebrew,2,5,2.5
15093,1QM,12,8,Hebrew,1,4,4.0
15094,1QM,12,9,Hebrew,1,7,7.0
15095,1QM,12,9,Hebrew,1,7,7.0
15096,1QM,12,10,Hebrew,1,6,6.0
15097,1QM,12,11,Hebrew,1,6,6.0
15098,1QM,12,11,Hebrew,1,1,1.0
15099,1QM,12,11,Hebrew,1,1,1.0
15100,1QM,12,11,Hebrew,1,8,8.0
15101,1QM,12,12,Hebrew,1,4,4.0
15102,1QM,12,12,Hebrew,1,3,3.0
15103,1QM,12,12,Hebrew,1,4,4.0
15104,1QM,12,12,Hebrew,1,3,3.0
15105,1QM,12,12,Hebrew,1,1,1.0
15106,1QM,12,12,Hebrew,1,2,2.0
15107,1QM,12,12,Hebrew,1,3,3.0
15109,1QM,12,13,Hebrew,2,11,5.5
15110,1QM,12,13,Hebrew,1,2,2.0
15111,1QM,12,13,Hebrew,1,3,3.0
15112,1QM,12,13,Hebrew,1,1,1.0
15113,1QM,12,13,Hebrew,1,3,3.0
15114,1QM,12,14,Hebrew,1,4,4.0
15115,1QM,12,14,Hebrew,1,6,6.0
15119,1QM,12,14,Hebrew,2,7,3.5
15117,1QM,12,14,Hebrew,1,1,1.0
15118,1QM,12,14,Hebrew,1,1,1.0
15120,1QM,12,14,Hebrew,1,2,2.0
15121,1QM,12,14,Hebrew,1,1,1.0
15122,1QM,12,14,Hebrew,1,2,2.0
15123,1QM,12,14,Hebrew,1,1,1.0
15124,1QM,12,14,Hebrew,1,1,1.0
15125,1QM,12,14,Hebrew,1,1,1.0
15126,1QM,12,15,Hebrew,1,2,2.0
15127,1QM,12,15,Hebrew,1,1,1.0
15128,1QM,12,15,Hebrew,1,3,3.0
15129,1QM,12,15,Hebrew,1,1,1.0
15130,1QM,12,16,Hebrew,1,3,3.0
15131,1QM,12,17,Hebrew,1,4,4.0
15132,1QM,12,17,Hebrew,1,6,6.0
15133,1QM,12,17,Hebrew,1,2,2.0
15134,1QM,12,17,Hebrew,1,1,1.0
15135,1QM,12,17,Hebrew,1,3,3.0
15137,1QM,12,17,Hebrew,2,9,4.5
15140,1QM,12,18,Hebrew,2,3,1.5
15139,1QM,12,18,Hebrew,1,2,2.0
15143,1QM,12,19,Hebrew,3,10,3.3333333333333335
15144,1QM,12,20,Hebrew,1,2,2.0
15145,1QM,12,20,Hebrew,1,5,5.0
15147,1QM,12,21,Hebrew,2,8,4.0
15148,1QM,12,22,Hebrew,1,1,1.0
15149,1QM,12,22,Hebrew,1,3,3.0
15151,1QM,12,23,Hebrew,2,3,1.5
15153,1QM,12,23,Hebrew,2,5,2.5
15154,1QM,12,24,Hebrew,1,2,2.0
15155,1QM,12,25,Hebrew,1,5,5.0
15156,1QM,12,25,Hebrew,1,4,4.0
15157,1QM,12,25,Hebrew,1,1,1.0
15158,1QM,12,25,Hebrew,1,1,1.0
15162,1QM,12,27,Hebrew,4,14,3.5
15163,1QM,12,27,Hebrew,1,3,3.0
15164,1QM,12,27,Hebrew,1,5,5.0
15165,1QM,12,28,Hebrew,1,12,12.0
15166,1QM,12,29,Hebrew,1,4,4.0
15168,1QM,12,29,Hebrew,2,17,8.5
15169,1QM,12,29,Hebrew,1,1,1.0
15170,1QM,12,29,Hebrew,1,1,1.0
15171,1QM,12,29,Hebrew,1,5,5.0
15172,1QM,12,30,Hebrew,1,6,6.0
15173,1QM,12,30,Hebrew,1,1,1.0
15174,1QM,12,30,Hebrew,1,1,1.0
15175,1QM,12,30,Hebrew,1,5,5.0
15176,1QM,12,30,Hebrew,1,3,3.0
15177,1QM,12,30,Hebrew,1,3,3.0
15178,1QM,12,31,Hebrew,1,1,1.0
15179,1QM,12,31,Hebrew,1,3,3.0
15180,1QM,12,32,Hebrew,1,1,1.0
15181,1QM,12,33,Hebrew,1,1,1.0
15183,1QS,1,2,Hebrew,2,19,9.5
15185,1QS,1,2,Hebrew,2,24,12.0
15187,1QS,1,3,Hebrew,2,6,3.0
15189,1QS,1,3,Hebrew,2,7,3.5
15190,1QS,1,4,Hebrew,1,5,5.0
15191,1QS,1,4,Hebrew,1,7,7.0
15192,1QS,1,5,Hebrew,1,11,11.0
15194,1QS,1,6,Hebrew,2,12,6.0
15195,1QS,1,6,Hebrew,1,4,4.0
15198,1QS,1,7,Hebrew,3,14,4.666666666666667
15199,1QS,1,8,Hebrew,1,5,5.0
15201,1QS,1,8,Hebrew,2,14,7.0
15203,1QS,1,9,Hebrew,2,13,6.5
15205,1QS,1,9,Hebrew,2,13,6.5
15208,1QS,1,10,Hebrew,3,28,9.333333333333334
15211,1QS,1,10,Hebrew,3,17,5.666666666666667
15213,1QS,1,11,Hebrew,2,14,7.0
15215,1QS,1,11,Hebrew,2,6,3.0
15217,1QS,1,11,Hebrew,2,8,4.0
15220,1QS,1,12,Hebrew,3,13,4.333333333333333
15222,1QS,2,1,Hebrew,2,15,7.5
15224,1QS,2,1,Hebrew,2,6,3.0
15227,1QS,2,1,Hebrew,3,18,6.0
15229,1QS,2,2,Hebrew,2,23,11.5
15231,1QS,2,3,Hebrew,2,10,5.0
15232,1QS,2,3,Hebrew,1,2,2.0
15233,1QS,2,4,Hebrew,1,11,11.0
15234,1QS,2,4,Hebrew,1,7,7.0
15235,1QS,2,5,Hebrew,1,19,19.0
15238,1QS,2,6,Hebrew,3,12,4.0
15239,1QS,2,6,Hebrew,1,1,1.0
15240,1QS,2,6,Hebrew,1,1,1.0
15241,1QS,2,6,Hebrew,1,1,1.0
15244,1QS,2,6,Hebrew,3,29,9.666666666666666
15245,1QS,2,7,Hebrew,1,12,12.0
15247,1QS,2,8,Hebrew,2,16,8.0
15248,1QS,2,8,Hebrew,1,2,2.0
15249,1QS,2,8,Hebrew,1,5,5.0
15250,1QS,2,8,Hebrew,1,6,6.0
15251,1QS,2,9,Hebrew,1,7,7.0
15252,1QS,2,9,Hebrew,1,6,6.0
15253,1QS,2,9,Hebrew,1,10,10.0
15254,1QS,2,10,Hebrew,1,9,9.0
15255,1QS,2,11,Hebrew,1,2,2.0
15256,1QS,2,11,Hebrew,1,2,2.0
15257,1QS,2,11,Hebrew,1,8,8.0
15259,1QS,2,12,Hebrew,2,9,4.5
15261,1QS,2,12,Hebrew,2,10,5.0
15262,1QS,2,13,Hebrew,1,6,6.0
15263,1QS,2,13,Hebrew,1,3,3.0
15264,1QS,2,13,Hebrew,1,7,7.0
15266,1QS,2,14,Hebrew,2,7,3.5
15268,1QS,2,14,Hebrew,2,7,3.5
15269,1QS,2,15,Hebrew,1,7,7.0
15271,1QS,2,15,Hebrew,2,11,5.5
15273,1QS,2,16,Hebrew,2,14,7.0
15274,1QS,2,16,Hebrew,1,2,2.0
15275,1QS,2,17,Hebrew,1,7,7.0
15276,1QS,2,17,Hebrew,1,2,2.0
15281,1QS,2,17,Hebrew,5,26,5.2
15282,1QS,2,18,Hebrew,1,2,2.0
15285,1QS,2,18,Hebrew,3,15,5.0
15286,1QS,2,18,Hebrew,1,4,4.0
15287,1QS,2,18,Hebrew,1,6,6.0
15289,1QS,2,18,Hebrew,2,12,6.0
15290,1QS,2,19,Hebrew,1,12,12.0
15291,1QS,2,20,Hebrew,1,9,9.0
15292,1QS,2,20,Hebrew,1,6,6.0
15294,1QS,2,20,Hebrew,2,20,10.0
15295,1QS,2,21,Hebrew,1,7,7.0
15297,1QS,2,22,Hebrew,2,6,3.0
15298,1QS,2,22,Hebrew,1,4,4.0
15299,1QS,2,22,Hebrew,1,2,2.0
15300,1QS,2,23,Hebrew,1,10,10.0
15305,1QS,2,25,Hebrew,3,31,10.333333333333334
15302,1QS,2,25,Hebrew,1,6,6.0
15303,1QS,2,25,Hebrew,1,22,22.0
15306,1QS,2,26,Hebrew,1,8,8.0
15307,1QS,2,26,Hebrew,1,7,7.0
15309,1QS,2,27,Hebrew,2,27,13.5
15313,1QS,2,28,Hebrew,4,21,5.25
15314,1QS,2,29,Hebrew,1,9,9.0
15315,1QS,2,30,Hebrew,1,6,6.0
15316,1QS,2,30,Hebrew,1,5,5.0
15317,1QS,2,31,Hebrew,1,14,14.0
15319,1QS,2,32,Hebrew,2,11,5.5
15320,1QS,2,33,Hebrew,1,8,8.0
15321,1QS,2,34,Hebrew,1,6,6.0
15322,1QS,2,34,Hebrew,1,5,5.0
15323,1QS,2,35,Hebrew,1,4,4.0
15324,1QS,2,35,Hebrew,1,6,6.0
15325,1QS,2,35,Hebrew,1,7,7.0
15326,1QS,2,35,Hebrew,1,7,7.0
15329,1QS,2,36,Hebrew,3,17,5.666666666666667
15331,1QS,2,37,Hebrew,2,18,9.0
15332,1QS,2,38,Hebrew,1,15,15.0
15333,1QS,2,38,Hebrew,1,9,9.0
15336,1QS,2,39,Hebrew,3,23,7.666666666666667
15339,1QS,2,40,Hebrew,3,18,6.0
15341,1QS,2,40,Hebrew,2,7,3.5
15343,1QS,2,40,Hebrew,2,10,5.0
15344,1QS,2,41,Hebrew,1,8,8.0
15345,1QS,2,41,Hebrew,1,8,8.0
15346,1QS,3,1,Hebrew,1,2,2.0
15347,1QS,3,1,Hebrew,1,2,2.0
15348,1QS,3,1,Hebrew,1,35,35.0
15349,1QS,3,2,Hebrew,1,8,8.0
15351,1QS,3,3,Hebrew,2,9,4.5
15353,1QS,3,4,Hebrew,2,14,7.0
15355,1QS,3,4,Hebrew,2,4,2.0
15356,1QS,3,5,Hebrew,1,5,5.0
15357,1QS,3,5,Hebrew,1,8,8.0
15358,1QS,3,6,Hebrew,1,7,7.0
15360,1QS,3,6,Hebrew,2,14,7.0
15361,1QS,3,7,Hebrew,1,7,7.0
15362,1QS,3,8,Hebrew,1,6,6.0
15363,1QS,3,8,Hebrew,1,7,7.0
15364,1QS,3,9,Hebrew,1,8,8.0
15365,1QS,3,9,Hebrew,1,4,4.0
15366,1QS,3,10,Hebrew,1,9,9.0
15367,1QS,3,10,Hebrew,1,5,5.0
15368,1QS,3,11,Hebrew,1,8,8.0
15369,1QS,3,11,Hebrew,1,24,24.0
15372,1QS,3,13,Hebrew,3,21,7.0
15373,1QS,3,14,Hebrew,1,12,12.0
15374,1QS,3,15,Hebrew,1,7,7.0
15377,1QS,3,15,Hebrew,3,18,6.0
15378,1QS,3,16,Hebrew,1,7,7.0
15379,1QS,3,16,Hebrew,1,8,8.0
15380,1QS,3,17,Hebrew,1,4,4.0
15381,1QS,3,17,Hebrew,1,7,7.0
15382,1QS,3,18,Hebrew,1,6,6.0
15383,1QS,3,18,Hebrew,1,5,5.0
15384,1QS,3,18,Hebrew,1,10,10.0
15385,1QS,3,18,Hebrew,1,8,8.0
15386,1QS,3,19,Hebrew,1,24,24.0
15387,1QS,3,19,Hebrew,1,6,6.0
15388,1QS,3,19,Hebrew,1,31,31.0
15389,1QS,3,19,Hebrew,1,6,6.0
15390,1QS,3,19,Hebrew,1,6,6.0
15391,1QS,3,20,Hebrew,1,7,7.0
15394,1QS,3,20,Hebrew,3,14,4.666666666666667
15395,1QS,3,20,Hebrew,1,13,13.0
15396,1QS,3,20,Hebrew,1,9,9.0
15402,1QS,3,21,Hebrew,6,58,9.666666666666666
15403,1QS,3,21,Hebrew,1,9,9.0
15407,1QS,3,22,Hebrew,4,34,8.5
15409,1QS,3,23,Hebrew,2,26,13.0
15410,1QS,3,24,Hebrew,1,6,6.0
15411,1QS,3,24,Hebrew,1,11,11.0
15412,1QS,3,25,Hebrew,1,5,5.0
15413,1QS,3,25,Hebrew,1,20,20.0
15414,1QS,3,26,Hebrew,1,10,10.0
15415,1QS,3,26,Hebrew,1,7,7.0
15416,1QS,3,27,Hebrew,1,4,4.0
15417,1QS,3,27,Hebrew,1,6,6.0
15418,1QS,3,28,Hebrew,1,7,7.0
15419,1QS,3,28,Hebrew,1,4,4.0
15421,1QS,3,29,Hebrew,2,16,8.0
15422,1QS,3,29,Hebrew,1,8,8.0
15423,1QS,3,30,Hebrew,1,7,7.0
15424,1QS,3,30,Hebrew,1,12,12.0
15425,1QS,3,31,Hebrew,1,10,10.0
15426,1QS,3,31,Hebrew,1,7,7.0
15427,1QS,3,31,Hebrew,1,9,9.0
15428,1QS,3,31,Hebrew,1,11,11.0
15432,1QS,3,32,Hebrew,3,27,9.0
15430,1QS,3,32,Hebrew,1,5,5.0
15434,1QS,3,33,Hebrew,2,14,7.0
15435,1QS,3,34,Hebrew,1,3,3.0
15436,1QS,3,34,Hebrew,1,6,6.0
15437,1QS,3,35,Hebrew,1,10,10.0
15439,1QS,3,36,Hebrew,2,14,7.0
15440,1QS,3,36,Hebrew,1,4,4.0
15441,1QS,3,36,Hebrew,1,10,10.0
15442,1QS,3,36,Hebrew,1,4,4.0
15443,1QS,3,37,Hebrew,1,10,10.0
15444,1QS,3,37,Hebrew,1,3,3.0
15445,1QS,3,38,Hebrew,1,9,9.0
15448,1QS,3,39,Hebrew,3,26,8.666666666666666
15453,1QS,4,1,Hebrew,5,25,5.0
15455,1QS,4,1,Hebrew,2,18,9.0
15459,1QS,4,1,Hebrew,4,23,5.75
15462,1QS,4,2,Hebrew,3,40,13.333333333333334
15464,1QS,4,2,Hebrew,2,20,10.0
15466,1QS,4,3,Hebrew,2,22,11.0
15470,1QS,4,3,Hebrew,4,30,7.5
15472,1QS,4,3,Hebrew,2,5,2.5
15474,1QS,4,4,Hebrew,2,17,8.5
15476,1QS,4,5,Hebrew,2,16,8.0
15484,1QS,4,6,Hebrew,8,54,6.75
15485,1QS,4,6,Hebrew,1,6,6.0
15488,1QS,4,7,Hebrew,3,22,7.333333333333333
15489,1QS,4,8,Hebrew,1,6,6.0
15493,1QS,4,8,Hebrew,3,13,4.333333333333333
15491,1QS,4,8,Hebrew,1,7,7.0
15498,1QS,4,9,Hebrew,5,32,6.4
15500,1QS,4,10,Hebrew,2,12,6.0
15501,1QS,4,11,Hebrew,1,3,3.0
15502,1QS,4,11,Hebrew,1,6,6.0
15504,1QS,4,11,Hebrew,2,7,3.5
15505,1QS,4,12,Hebrew,1,13,13.0
15506,1QS,4,12,Hebrew,1,5,5.0
15507,1QS,4,13,Hebrew,1,7,7.0
15508,1QS,4,13,Hebrew,1,3,3.0
15509,1QS,4,13,Hebrew,1,5,5.0
15510,1QS,4,13,Hebrew,1,17,17.0
15511,1QS,4,14,Hebrew,1,8,8.0
15512,1QS,4,14,Hebrew,1,3,3.0
15514,1QS,4,14,Hebrew,2,12,6.0
15515,1QS,4,14,Hebrew,1,3,3.0
15517,1QS,4,14,Hebrew,2,11,5.5
15518,1QS,4,14,Hebrew,1,5,5.0
15522,1QS,4,15,Hebrew,4,18,4.5
15523,1QS,4,16,Hebrew,1,10,10.0
15525,1QS,4,16,Hebrew,2,9,4.5
15527,1QS,4,17,Hebrew,2,8,4.0
15528,1QS,4,17,Hebrew,1,9,9.0
15529,1QS,4,17,Hebrew,1,6,6.0
15532,1QS,4,18,Hebrew,3,19,6.333333333333333
15541,1QS,4,18,Hebrew,9,63,7.0
15550,1QS,4,21,Hebrew,6,46,7.666666666666667
15549,1QS,4,20,Hebrew,3,31,10.333333333333334
15551,1QS,4,22,Hebrew,1,18,18.0
15552,1QS,4,23,Hebrew,1,8,8.0
15553,1QS,4,24,Hebrew,1,5,5.0
15554,1QS,4,24,Hebrew,1,6,6.0
15556,1QS,4,25,Hebrew,2,20,10.0
15558,1QS,4,26,Hebrew,2,14,7.0
15559,1QS,4,27,Hebrew,1,12,12.0
15560,1QS,4,28,Hebrew,1,3,3.0
15561,1QS,4,28,Hebrew,1,3,3.0
15562,1QS,4,28,Hebrew,1,3,3.0
15564,1QS,4,29,Hebrew,2,20,10.0
15565,1QS,4,30,Hebrew,1,9,9.0
15566,1QS,4,30,Hebrew,1,9,9.0
15567,1QS,4,31,Hebrew,1,2,2.0
15571,1QS,4,31,Hebrew,4,11,2.75
15575,1QS,4,31,Hebrew,4,19,4.75
15577,1QS,4,31,Hebrew,2,17,8.5
15582,1QS,4,32,Hebrew,5,25,5.0
15586,1QS,4,33,Hebrew,4,26,6.5
15588,1QS,4,35,Hebrew,2,12,6.0
15592,1QS,4,35,Hebrew,3,16,5.333333333333333
15591,1QS,4,35,Hebrew,1,6,6.0
15595,1QS,4,36,Hebrew,3,27,9.0
15596,1QS,4,37,Hebrew,1,8,8.0
15598,1QS,4,37,Hebrew,2,6,3.0
15600,1QS,4,38,Hebrew,2,13,6.5
15601,1QS,4,39,Hebrew,1,8,8.0
15603,1QS,4,40,Hebrew,2,16,8.0
15605,1QS,4,40,Hebrew,2,9,4.5
15611,1QS,4,41,Hebrew,6,32,5.333333333333333
15612,1QS,4,41,Hebrew,1,2,2.0
15614,1QS,4,41,Hebrew,2,9,4.5
15615,1QS,4,42,Hebrew,1,4,4.0
15616,1QS,4,42,Hebrew,1,1,1.0
15620,1QS,4,42,Hebrew,4,29,7.25
15621,1QS,4,43,Hebrew,1,4,4.0
15624,1QS,4,43,Hebrew,3,15,5.0
15625,1QS,4,43,Hebrew,1,8,8.0
15629,1QS,4,44,Hebrew,4,18,4.5
15631,1QS,4,45,Hebrew,2,11,5.5
15632,1QS,4,45,Hebrew,1,2,2.0
15638,1QS,4,48,Hebrew,5,40,8.0
15637,1QS,4,47,Hebrew,1,9,9.0
15639,1QS,4,48,Hebrew,1,16,16.0
15641,1QS,4,49,Hebrew,2,22,11.0
15643,1QS,4,49,Hebrew,2,19,9.5
15644,1QS,4,49,Hebrew,1,7,7.0
15645,1QS,4,49,Hebrew,1,7,7.0
15648,1QS,4,51,Hebrew,3,26,8.666666666666666
15649,1QS,4,51,Hebrew,1,6,6.0
15651,1QS,4,52,Hebrew,2,13,6.5
15652,1QS,4,52,Hebrew,1,21,21.0
15653,1QS,4,52,Hebrew,1,6,6.0
15655,1QS,4,53,Hebrew,2,10,5.0
15657,1QS,5,1,Hebrew,2,15,7.5
15659,1QS,5,2,Hebrew,2,9,4.5
15660,1QS,5,2,Hebrew,1,3,3.0
15661,1QS,5,2,Hebrew,1,9,9.0
15662,1QS,5,2,Hebrew,1,7,7.0
15669,1QS,5,2,Hebrew,7,35,5.0
15670,1QS,5,3,Hebrew,1,4,4.0
15671,1QS,5,3,Hebrew,1,2,2.0
15679,1QS,5,4,Hebrew,3,14,4.666666666666667
15678,1QS,5,4,Hebrew,5,22,4.4
15680,1QS,5,4,Hebrew,1,8,8.0
15682,1QS,5,5,Hebrew,2,15,7.5
15683,1QS,5,5,Hebrew,1,4,4.0
15684,1QS,5,5,Hebrew,1,8,8.0
15685,1QS,5,6,Hebrew,1,5,5.0
15686,1QS,5,6,Hebrew,1,4,4.0
15689,1QS,5,6,Hebrew,3,10,3.3333333333333335
15692,1QS,5,6,Hebrew,3,16,5.333333333333333
15693,1QS,5,6,Hebrew,1,2,2.0
15697,1QS,5,6,Hebrew,4,18,4.5
15698,1QS,5,7,Hebrew,1,6,6.0
15699,1QS,5,7,Hebrew,1,4,4.0
15701,1QS,5,8,Hebrew,2,10,5.0
15702,1QS,5,8,Hebrew,1,6,6.0
15704,1QS,5,9,Hebrew,2,9,4.5
15705,1QS,5,9,Hebrew,1,4,4.0
15716,1QS,5,12,Hebrew,7,25,3.5714285714285716
15711,1QS,5,11,Hebrew,2,9,4.5
15715,1QS,5,12,Hebrew,2,11,5.5
15719,1QS,5,12,Hebrew,3,10,3.3333333333333335
15723,1QS,5,13,Hebrew,4,23,5.75
15724,1QS,5,13,Hebrew,1,4,4.0
15726,1QS,5,14,Hebrew,2,5,2.5
15727,1QS,5,14,Hebrew,1,4,4.0
15731,1QS,5,15,Hebrew,3,12,4.0
15730,1QS,5,15,Hebrew,1,4,4.0
15734,1QS,5,16,Hebrew,3,13,4.333333333333333
15739,1QS,5,17,Hebrew,3,13,4.333333333333333
15737,1QS,5,17,Hebrew,1,3,3.0
15738,1QS,5,17,Hebrew,1,4,4.0
15743,1QS,5,18,Hebrew,4,13,3.25
15747,1QS,5,19,Hebrew,4,15,3.75
15750,1QS,5,20,Hebrew,3,18,6.0
15751,1QS,5,20,Hebrew,1,2,2.0
15754,1QS,5,21,Hebrew,3,13,4.333333333333333
15755,1QS,5,21,Hebrew,1,4,4.0
15758,1QS,5,22,Hebrew,3,11,3.6666666666666665
15759,1QS,5,22,Hebrew,1,3,3.0
15761,1QS,5,23,Hebrew,2,10,5.0
15762,1QS,5,23,Hebrew,1,4,4.0
15767,1QS,5,24,Hebrew,5,24,4.8
15768,1QS,5,24,Hebrew,1,4,4.0
15769,1QS,5,25,Hebrew,1,9,9.0
15770,1QS,5,25,Hebrew,1,9,9.0
15771,1QS,5,25,Hebrew,1,7,7.0
15773,1QS,5,26,Hebrew,2,13,6.5
15774,1QS,5,27,Hebrew,1,4,4.0
15775,1QS,5,27,Hebrew,1,5,5.0
15776,1QS,5,27,Hebrew,1,6,6.0
15784,1QS,5,28,Hebrew,8,42,5.25
15789,1QS,5,29,Hebrew,5,33,6.6
15792,1QS,6,1,Hebrew,3,19,6.333333333333333
15798,1QS,6,1,Hebrew,4,23,5.75
15796,1QS,6,1,Hebrew,1,12,12.0
15797,1QS,6,1,Hebrew,1,4,4.0
15799,1QS,6,1,Hebrew,1,14,14.0
15801,1QS,6,2,Hebrew,2,32,16.0
15802,1QS,6,2,Hebrew,1,5,5.0
15803,1QS,6,2,Hebrew,1,8,8.0
15804,1QS,6,3,Hebrew,1,6,6.0
15805,1QS,6,3,Hebrew,1,4,4.0
15806,1QS,6,3,Hebrew,1,6,6.0
15807,1QS,6,3,Hebrew,1,12,12.0
15808,1QS,6,3,Hebrew,1,5,5.0
15810,1QS,6,3,Hebrew,2,13,6.5
15813,1QS,6,4,Hebrew,3,14,4.666666666666667
15814,1QS,6,4,Hebrew,1,3,3.0
15816,1QS,6,4,Hebrew,2,20,10.0
15819,1QS,6,5,Hebrew,3,23,7.666666666666667
15820,1QS,6,6,Hebrew,1,14,14.0
15823,1QS,6,6,Hebrew,3,18,6.0
15824,1QS,6,6,Hebrew,1,3,3.0
15825,1QS,6,6,Hebrew,1,6,6.0
15826,1QS,6,6,Hebrew,1,8,8.0
15830,1QS,6,7,Hebrew,4,19,4.75
15831,1QS,6,7,Hebrew,1,10,10.0
15833,1QS,6,8,Hebrew,2,27,13.5
15836,1QS,6,8,Hebrew,3,20,6.666666666666667
15837,1QS,6,9,Hebrew,1,10,10.0
15838,1QS,6,9,Hebrew,1,6,6.0
15840,1QS,6,10,Hebrew,2,13,6.5
15843,1QS,6,11,Hebrew,3,16,5.333333333333333
15850,1QS,6,12,Hebrew,7,37,5.285714285714286
15851,1QS,6,12,Hebrew,1,4,4.0
15852,1QS,6,13,Hebrew,1,18,18.0
15853,1QS,6,14,Hebrew,1,5,5.0
15854,1QS,6,14,Hebrew,1,9,9.0
15857,1QS,6,14,Hebrew,3,16,5.333333333333333
15860,1QS,6,15,Hebrew,2,21,10.5
15859,1QS,6,15,Hebrew,1,4,4.0
15861,1QS,6,16,Hebrew,1,6,6.0
15862,1QS,6,16,Hebrew,1,7,7.0
15863,1QS,6,16,Hebrew,1,3,3.0
15864,1QS,6,17,Hebrew,1,17,17.0
15865,1QS,6,18,Hebrew,1,9,9.0
15870,1QS,6,21,Hebrew,2,31,15.5
15869,1QS,6,20,Hebrew,3,38,12.666666666666666
15872,1QS,6,21,Hebrew,2,13,6.5
15873,1QS,6,22,Hebrew,1,11,11.0
15876,1QS,6,23,Hebrew,3,23,7.666666666666667
15880,1QS,6,24,Hebrew,4,24,6.0
15882,1QS,6,25,Hebrew,2,15,7.5
15886,1QS,6,26,Hebrew,4,24,6.0
15888,1QS,6,27,Hebrew,2,24,12.0
15890,1QS,6,28,Hebrew,2,14,7.0
15893,1QS,6,28,Hebrew,3,17,5.666666666666667
15905,1QS,6,30,Hebrew,12,46,3.8333333333333335
15907,1QS,6,30,Hebrew,2,7,3.5
15908,1QS,6,30,Hebrew,1,7,7.0
15911,1QS,6,31,Hebrew,3,12,4.0
15912,1QS,6,31,Hebrew,1,12,12.0
15915,1QS,6,31,Hebrew,3,19,6.333333333333333
15916,1QS,6,31,Hebrew,1,5,5.0
15917,1QS,6,31,Hebrew,1,15,15.0
15920,1QS,6,31,Hebrew,3,13,4.333333333333333
15922,1QS,6,32,Hebrew,2,8,4.0
15924,1QS,6,33,Hebrew,2,7,3.5
15925,1QS,6,33,Hebrew,1,7,7.0
15926,1QS,6,33,Hebrew,1,5,5.0
15927,1QS,6,33,Hebrew,1,8,8.0
15928,1QS,6,34,Hebrew,1,19,19.0
15929,1QS,6,35,Hebrew,1,8,8.0
15931,1QS,6,35,Hebrew,2,15,7.5
15933,1QS,6,35,Hebrew,2,8,4.0
15935,1QS,6,36,Hebrew,2,14,7.0
15937,1QS,6,36,Hebrew,2,15,7.5
15939,1QS,6,37,Hebrew,2,9,4.5
15940,1QS,6,37,Hebrew,1,6,6.0
15941,1QS,6,38,Hebrew,1,7,7.0
15943,1QS,6,38,Hebrew,2,8,4.0
15944,1QS,6,38,Hebrew,1,6,6.0
15946,1QS,6,38,Hebrew,2,4,2.0
15948,1QS,6,38,Hebrew,2,6,3.0
15950,1QS,7,1,Hebrew,2,9,4.5
15963,1QS,7,5,Hebrew,11,72,6.545454545454546
15955,1QS,7,2,Hebrew,2,9,4.5
15964,1QS,7,6,Hebrew,1,7,7.0
15969,1QS,7,8,Hebrew,5,70,14.0
15971,1QS,7,9,Hebrew,2,17,8.5
15972,1QS,7,10,Hebrew,1,3,3.0
15973,1QS,7,10,Hebrew,1,7,7.0
15974,1QS,7,10,Hebrew,1,8,8.0
15975,1QS,7,10,Hebrew,1,9,9.0
15976,1QS,7,11,Hebrew,1,9,9.0
15977,1QS,7,11,Hebrew,1,9,9.0
15980,1QS,7,12,Hebrew,3,10,3.3333333333333335
15981,1QS,7,13,Hebrew,1,17,17.0
15984,1QS,7,14,Hebrew,2,7,3.5
15983,1QS,7,14,Hebrew,1,2,2.0
15986,1QS,7,14,Hebrew,2,16,8.0
15988,1QS,7,15,Hebrew,2,5,2.5
15990,1QS,7,15,Hebrew,2,6,3.0
15996,1QS,7,16,Hebrew,2,19,9.5
15995,1QS,7,16,Hebrew,4,9,2.25
15997,1QS,7,17,Hebrew,1,10,10.0
15999,1QS,7,18,Hebrew,2,12,6.0
16001,1QS,7,19,Hebrew,2,16,8.0
16002,1QS,7,19,Hebrew,1,5,5.0
16003,1QS,7,19,Hebrew,1,8,8.0
16006,1QS,7,20,Hebrew,3,14,4.666666666666667
16008,1QS,7,21,Hebrew,2,6,3.0
16009,1QS,7,21,Hebrew,1,6,6.0
16019,1QS,7,26,Hebrew,2,10,5.0
16011,1QS,7,22,Hebrew,1,4,4.0
16012,1QS,7,23,Hebrew,1,6,6.0
16013,1QS,7,23,Hebrew,1,8,8.0
16014,1QS,7,24,Hebrew,1,5,5.0
16015,1QS,7,24,Hebrew,1,8,8.0
16016,1QS,7,25,Hebrew,1,9,9.0
16017,1QS,7,26,Hebrew,1,8,8.0
16018,1QS,7,26,Hebrew,1,3,3.0
16021,1QS,7,27,Hebrew,2,7,3.5
16023,1QS,7,27,Hebrew,2,7,3.5
16024,1QS,7,27,Hebrew,1,8,8.0
16025,1QS,7,28,Hebrew,1,7,7.0
16026,1QS,7,28,Hebrew,1,7,7.0
16027,1QS,7,29,Hebrew,1,12,12.0
16028,1QS,7,29,Hebrew,1,6,6.0
16029,1QS,7,29,Hebrew,1,6,6.0
16030,1QS,7,30,Hebrew,1,5,5.0
16032,1QS,7,30,Hebrew,2,14,7.0
16034,1QS,7,31,Hebrew,2,12,6.0
16037,1QS,7,32,Hebrew,2,14,7.0
16036,1QS,7,32,Hebrew,1,8,8.0
16041,1QS,7,33,Hebrew,4,17,4.25
16043,1QS,7,33,Hebrew,2,7,3.5
16044,1QS,7,33,Hebrew,1,6,6.0
16050,1QS,7,33,Hebrew,6,23,3.8333333333333335
16052,1QS,7,34,Hebrew,2,6,3.0
16053,1QS,7,34,Hebrew,1,11,11.0
16054,1QS,7,34,Hebrew,1,7,7.0
16058,1QS,7,36,Hebrew,4,28,7.0
16059,1QS,7,36,Hebrew,1,6,6.0
16060,1QS,7,36,Hebrew,1,5,5.0
16063,1QS,7,37,Hebrew,3,13,4.333333333333333
16064,1QS,7,38,Hebrew,1,7,7.0
16065,1QS,7,38,Hebrew,1,8,8.0
16070,1QS,7,39,Hebrew,5,29,5.8
16072,1QS,7,40,Hebrew,2,9,4.5
16073,1QS,7,40,Hebrew,1,6,6.0
16074,1QS,7,40,Hebrew,1,21,21.0
16075,1QS,7,41,Hebrew,1,10,10.0
16076,1QS,7,42,Hebrew,1,13,13.0
16077,1QS,7,42,Hebrew,1,3,3.0
16078,1QS,7,43,Hebrew,1,6,6.0
16079,1QS,7,43,Hebrew,1,6,6.0
16080,1QS,7,44,Hebrew,1,5,5.0
16081,1QS,7,44,Hebrew,1,7,7.0
16082,1QS,7,44,Hebrew,1,6,6.0
16084,1QS,7,45,Hebrew,2,8,4.0
16085,1QS,7,45,Hebrew,1,6,6.0
16087,1QS,7,46,Hebrew,2,4,2.0
16088,1QS,7,46,Hebrew,1,7,7.0
16089,1QS,7,47,Hebrew,1,6,6.0
16090,1QS,7,47,Hebrew,1,8,8.0
16091,1QS,7,48,Hebrew,1,5,5.0
16100,1QS,7,50,Hebrew,3,17,5.666666666666667
16093,1QS,7,48,Hebrew,1,7,7.0
16094,1QS,7,49,Hebrew,1,5,5.0
16095,1QS,7,49,Hebrew,1,7,7.0
16096,1QS,7,50,Hebrew,1,6,6.0
16097,1QS,7,50,Hebrew,1,10,10.0
16098,1QS,7,50,Hebrew,1,13,13.0
16101,1QS,7,51,Hebrew,1,2,2.0
16103,1QS,7,51,Hebrew,2,9,4.5
16108,1QS,7,52,Hebrew,4,20,5.0
16105,1QS,7,52,Hebrew,1,6,6.0
16109,1QS,7,53,Hebrew,1,7,7.0
16110,1QS,7,53,Hebrew,1,7,7.0
16111,1QS,7,54,Hebrew,1,4,4.0
16112,1QS,7,54,Hebrew,1,8,8.0
16117,1QS,7,55,Hebrew,5,36,7.2
16119,1QS,7,56,Hebrew,2,8,4.0
16120,1QS,7,57,Hebrew,1,11,11.0
16122,1QS,7,58,Hebrew,2,8,4.0
16124,1QS,7,59,Hebrew,2,6,3.0
16125,1QS,7,59,Hebrew,1,5,5.0
16127,1QS,7,60,Hebrew,2,5,2.5
16128,1QS,7,60,Hebrew,1,6,6.0
16129,1QS,7,61,Hebrew,1,6,6.0
16130,1QS,7,61,Hebrew,1,5,5.0
16131,Kuntillet_Ajrud,18,1,Hebrew,1,1,1.0
16132,Kuntillet_Ajrud,18,1,Hebrew,1,1,1.0
16133,Kuntillet_Ajrud,18,1,Hebrew,1,1,1.0
16134,Kuntillet_Ajrud,18,1,Hebrew,1,1,1.0
16135,Kuntillet_Ajrud,18,1,Hebrew,1,1,1.0
16136,Kuntillet_Ajrud,18,1,Hebrew,1,6,6.0
16137,Kuntillet_Ajrud,18,1,Hebrew,1,1,1.0
16138,Kuntillet_Ajrud,18,1,Hebrew,1,10,10.0
16139,Kuntillet_Ajrud,19,1,Hebrew,1,2,2.0
16140,Kuntillet_Ajrud,19,1,Hebrew,1,4,4.0
16141,Kuntillet_Ajrud,19,1,Hebrew,1,3,3.0
16142,Kuntillet_Ajrud,19,1,Hebrew,1,9,9.0
16143,Kuntillet_Ajrud,19,1,Hebrew,1,2,2.0
16144,Kuntillet_Ajrud,19,1,Hebrew,1,3,3.0
16145,Kuntillet_Ajrud,19,1,Hebrew,1,5,5.0
16146,Kuntillet_Ajrud,20,1,Hebrew,1,8,8.0
16148,Kuntillet_Ajrud,20,1,Hebrew,2,7,3.5
16149,Kuntillet_Ajrud,20,1,Hebrew,1,3,3.0
16150,Kuntillet_Ajrud,20,1,Hebrew,1,8,8.0
16151,Arad,1,1,Hebrew,1,2,2.0
16152,Arad,1,1,Hebrew,1,2,2.0
16153,Arad,1,1,Hebrew,1,9,9.0
16154,Arad,1,1,Hebrew,1,5,5.0
16156,Arad,1,1,Hebrew,2,16,8.0
16157,Arad,1,1,Hebrew,1,5,5.0
16158,Arad,2,1,Hebrew,1,2,2.0
16159,Arad,2,1,Hebrew,1,2,2.0
16161,Arad,2,1,Hebrew,2,22,11.0
16162,Arad,2,1,Hebrew,1,3,3.0
16163,Arad,2,1,Hebrew,1,2,2.0
16164,Arad,2,1,Hebrew,1,4,4.0
16165,Arad,2,1,Hebrew,1,4,4.0
16166,Arad,40,1,Hebrew,1,9,9.0
16167,Arad,40,1,Hebrew,1,4,4.0
16168,Arad,40,1,Hebrew,1,2,2.0
16170,Arad,40,1,Hebrew,2,8,4.0
16172,Arad,40,1,Hebrew,2,11,5.5
16173,Arad,40,1,Hebrew,1,6,6.0
16174,Arad,40,1,Hebrew,1,6,6.0
16175,Arad,40,1,Hebrew,1,3,3.0
16178,Arad,40,1,Hebrew,3,13,4.333333333333333
16179,Arad,40,1,Hebrew,1,6,6.0
16180,Arad,40,1,Hebrew,1,5,5.0
16181,Arad,40,1,Hebrew,1,3,3.0
16184,Arad,40,1,Hebrew,3,11,3.6666666666666665
16186,Arad,40,1,Hebrew,2,7,3.5
16188,Balaam,1,1,Hebrew,2,7,3.5
16189,Balaam,1,1,Hebrew,1,2,2.0
16190,Balaam,1,1,Hebrew,1,8,8.0
16191,Balaam,1,1,Hebrew,1,6,6.0
16192,Balaam,1,2,Hebrew,1,6,6.0
16194,Balaam,1,2,Hebrew,2,5,2.5
16196,Balaam,1,2,Hebrew,2,5,2.5
16197,Balaam,1,3,Hebrew,1,5,5.0
16198,Balaam,1,3,Hebrew,1,1,1.0
16199,Balaam,1,3,Hebrew,1,1,1.0
16200,Balaam,1,3,Hebrew,1,2,2.0
16201,Balaam,1,3,Hebrew,1,1,1.0
16202,Balaam,1,3,Hebrew,1,4,4.0
16203,Balaam,1,3,Hebrew,1,3,3.0
16204,Balaam,1,4,Hebrew,1,6,6.0
16205,Balaam,1,4,Hebrew,1,6,6.0
16206,Balaam,1,4,Hebrew,1,2,2.0
16207,Balaam,1,4,Hebrew,1,2,2.0
16208,Balaam,1,4,Hebrew,1,4,4.0
16209,Balaam,1,4,Hebrew,1,1,1.0
16211,Balaam,1,4,Hebrew,2,5,2.5
16212,Balaam,1,4,Hebrew,1,2,2.0
16213,Balaam,1,4,Hebrew,1,3,3.0
16214,Balaam,1,5,Hebrew,1,2,2.0
16215,Balaam,1,5,Hebrew,1,4,4.0
16216,Balaam,1,5,Hebrew,1,5,5.0
16217,Balaam,1,5,Hebrew,1,1,1.0
16218,Balaam,1,5,Hebrew,1,5,5.0
16219,Balaam,1,5,Hebrew,1,3,3.0
16220,Balaam,1,5,Hebrew,1,3,3.0
16221,Balaam,1,6,Hebrew,1,9,9.0
16222,Balaam,1,6,Hebrew,1,5,5.0
16223,Balaam,1,7,Hebrew,1,4,4.0
16224,Balaam,1,7,Hebrew,1,4,4.0
16225,Balaam,1,7,Hebrew,1,8,8.0
16226,Balaam,1,7,Hebrew,1,3,3.0
16227,Balaam,1,7,Hebrew,1,6,6.0
16228,Balaam,1,7,Hebrew,1,1,1.0
16230,Balaam,1,8,Hebrew,2,5,2.5
16231,Balaam,1,8,Hebrew,1,3,3.0
16232,Balaam,1,8,Hebrew,1,1,1.0
16233,Balaam,1,8,Hebrew,1,2,2.0
16234,Balaam,1,8,Hebrew,1,4,4.0
16235,Balaam,1,9,Hebrew,1,5,5.0
16236,Balaam,1,9,Hebrew,1,4,4.0
16238,Balaam,1,9,Hebrew,2,5,2.5
16239,Balaam,1,9,Hebrew,1,1,1.0
16240,Balaam,1,10,Hebrew,1,2,2.0
16241,Balaam,1,10,Hebrew,1,3,3.0
16242,Balaam,1,10,Hebrew,1,5,5.0
16243,Balaam,1,10,Hebrew,1,3,3.0
16244,Balaam,1,11,Hebrew,1,3,3.0
16245,Balaam,1,11,Hebrew,1,1,1.0
16246,Balaam,1,11,Hebrew,1,3,3.0
16247,Balaam,1,11,Hebrew,1,3,3.0
16248,Balaam,1,11,Hebrew,1,2,2.0
16249,Balaam,2,1,Hebrew,1,1,1.0
16250,Balaam,2,1,Hebrew,1,2,2.0
16251,Balaam,2,1,Hebrew,1,1,1.0
16252,Balaam,2,1,Hebrew,1,1,1.0
16254,Balaam,2,1,Hebrew,2,3,1.5
16255,Balaam,2,1,Hebrew,1,1,1.0
16256,Balaam,2,1,Hebrew,1,1,1.0
16257,Balaam,2,1,Hebrew,1,3,3.0
16258,Balaam,2,1,Hebrew,1,4,4.0
16259,Balaam,2,2,Hebrew,1,2,2.0
16260,Balaam,2,2,Hebrew,1,4,4.0
16261,Balaam,2,2,Hebrew,1,1,1.0
16262,Balaam,2,2,Hebrew,1,4,4.0
16263,Balaam,2,2,Hebrew,1,5,5.0
16264,Balaam,2,2,Hebrew,1,1,1.0
16265,Balaam,2,2,Hebrew,1,13,13.0
16266,Balaam,2,3,Hebrew,1,1,1.0
16267,Balaam,2,3,Hebrew,1,7,7.0
16268,Balaam,2,3,Hebrew,1,5,5.0
16269,Balaam,2,4,Hebrew,1,1,1.0
16270,Balaam,2,4,Hebrew,1,1,1.0
16271,Balaam,2,4,Hebrew,1,1,1.0
16272,Balaam,2,4,Hebrew,1,1,1.0
16273,Balaam,2,4,Hebrew,1,3,3.0
16274,Balaam,2,4,Hebrew,1,2,2.0
16275,Balaam,2,4,Hebrew,1,1,1.0
16276,Balaam,2,4,Hebrew,1,1,1.0
16277,Balaam,2,4,Hebrew,1,1,1.0
16278,Balaam,2,4,Hebrew,1,4,4.0
16280,Balaam,2,4,Hebrew,2,6,3.0
16281,Balaam,2,4,Hebrew,1,1,1.0
16282,Balaam,2,5,Hebrew,1,1,1.0
16283,Balaam,2,5,Hebrew,1,1,1.0
16284,Balaam,2,5,Hebrew,1,1,1.0
16285,Balaam,2,5,Hebrew,1,1,1.0
16286,Balaam,2,5,Hebrew,1,3,3.0
16287,Balaam,2,5,Hebrew,1,5,5.0
16288,Balaam,2,5,Hebrew,1,1,1.0
16289,Balaam,2,5,Hebrew,1,1,1.0
16290,Balaam,2,5,Hebrew,1,8,8.0
16291,Balaam,2,6,Hebrew,1,4,4.0
16292,Balaam,2,6,Hebrew,1,2,2.0
16293,Balaam,2,6,Hebrew,1,1,1.0
16294,Balaam,2,6,Hebrew,1,1,1.0
16295,Balaam,2,6,Hebrew,1,2,2.0
16296,Balaam,2,6,Hebrew,1,6,6.0
16297,Balaam,2,6,Hebrew,1,1,1.0
16298,Balaam,2,6,Hebrew,1,2,2.0
16299,Balaam,2,6,Hebrew,1,1,1.0
16300,Balaam,2,7,Hebrew,1,3,3.0
16301,Balaam,2,7,Hebrew,1,1,1.0
16302,Balaam,2,7,Hebrew,1,3,3.0
16303,Balaam,2,7,Hebrew,1,1,1.0
16304,Balaam,2,7,Hebrew,1,4,4.0
16305,Balaam,2,7,Hebrew,1,2,2.0
16306,Balaam,2,7,Hebrew,1,1,1.0
16307,Balaam,2,7,Hebrew,1,6,6.0
16308,Balaam,2,8,Hebrew,1,1,1.0
16309,Balaam,2,8,Hebrew,1,3,3.0
16310,Balaam,2,8,Hebrew,1,6,6.0
16311,Balaam,2,8,Hebrew,1,5,5.0
16312,Balaam,2,8,Hebrew,1,1,1.0
16313,Balaam,2,8,Hebrew,1,5,5.0
16318,Ketef_Hinnom,1,1,Hebrew,5,35,7.0
16319,Ketef_Hinnom,1,1,Hebrew,1,4,4.0
16320,Ketef_Hinnom,1,1,Hebrew,1,4,4.0
16321,Ketef_Hinnom,1,1,Hebrew,1,2,2.0
16322,Ketef_Hinnom,1,1,Hebrew,1,3,3.0
16323,Ketef_Hinnom,1,1,Hebrew,1,3,3.0
16324,Ketef_Hinnom,1,1,Hebrew,1,6,6.0
16325,Ketef_Hinnom,1,1,Hebrew,1,3,3.0
16326,Ketef_Hinnom,2,1,Hebrew,1,1,1.0
16329,Ketef_Hinnom,2,1,Hebrew,3,12,4.0
16330,Ketef_Hinnom,2,1,Hebrew,1,3,3.0
16331,Ketef_Hinnom,2,1,Hebrew,1,2,2.0
16332,Ketef_Hinnom,2,1,Hebrew,1,6,6.0
16333,Ketef_Hinnom,2,1,Hebrew,1,5,5.0
16335,Lachish,3,1,Hebrew,2,10,5.0
16336,Lachish,3,1,Hebrew,1,10,10.0
16338,Lachish,3,1,Hebrew,2,17,8.5
16340,Lachish,3,1,Hebrew,2,12,6.0
16341,Lachish,3,1,Hebrew,1,5,5.0
16343,Lachish,3,1,Hebrew,2,4,2.0
16344,Lachish,3,1,Hebrew,1,2,2.0
16346,Lachish,3,1,Hebrew,2,10,5.0
16349,Lachish,3,1,Hebrew,3,12,4.0
16350,Lachish,3,1,Hebrew,1,6,6.0
16352,Lachish,3,1,Hebrew,2,7,3.5
16354,Lachish,3,1,Hebrew,2,10,5.0
16356,Lachish,3,1,Hebrew,2,13,6.5
16361,Lachish,3,1,Hebrew,4,25,6.25
16360,Lachish,3,1,Hebrew,1,1,1.0
16362,Lachish,4,1,Hebrew,1,11,11.0
16363,Lachish,4,1,Hebrew,1,2,2.0
16366,Lachish,4,1,Hebrew,3,10,3.3333333333333335
16368,Lachish,4,1,Hebrew,2,10,5.0
16369,Lachish,4,1,Hebrew,1,10,10.0
16370,Lachish,4,1,Hebrew,1,3,3.0
16372,Lachish,4,1,Hebrew,2,5,2.5
16373,Lachish,4,1,Hebrew,1,5,5.0
16375,Lachish,4,1,Hebrew,2,12,6.0
16376,Lachish,4,1,Hebrew,1,7,7.0
16379,Lachish,4,1,Hebrew,3,16,5.333333333333333
16380,Lachish,4,1,Hebrew,1,5,5.0
16381,Lachish,5,1,Hebrew,1,17,17.0
16382,Lachish,5,1,Hebrew,1,3,3.0
16383,Lachish,5,1,Hebrew,1,1,1.0
16384,Lachish,5,1,Hebrew,1,8,8.0
16385,Lachish,5,1,Hebrew,1,10,10.0
16386,Lachish,5,1,Hebrew,1,9,9.0
16387,Lachish,5,1,Hebrew,1,10,10.0
16388,Lachish,6,1,Hebrew,1,4,4.0
16389,Lachish,6,1,Hebrew,1,11,11.0
16390,Lachish,6,1,Hebrew,1,3,3.0
16391,Lachish,6,1,Hebrew,1,1,1.0
16393,Lachish,6,1,Hebrew,2,15,7.5
16394,Lachish,6,1,Hebrew,1,2,2.0
16397,Lachish,6,1,Hebrew,3,17,5.666666666666667
16398,Lachish,6,1,Hebrew,1,2,2.0
16401,Lachish,6,1,Hebrew,3,9,3.0
16402,Lachish,6,1,Hebrew,1,4,4.0
16403,Lachish,6,1,Hebrew,1,1,1.0
16404,Lachish,6,1,Hebrew,1,1,1.0
16405,Lachish,6,1,Hebrew,1,4,4.0
16406,Lachish,6,1,Hebrew,1,4,4.0
16407,Lachish,6,1,Hebrew,1,7,7.0
16408,Lachish,6,1,Hebrew,1,8,8.0
16409,Mesha_Stela,1,1,Hebrew,1,8,8.0
16410,Mesha_Stela,1,2,Hebrew,1,7,7.0
16411,Mesha_Stela,1,2,Hebrew,1,6,6.0
16413,Mesha_Stela,1,4,Hebrew,2,11,5.5
16414,Mesha_Stela,1,4,Hebrew,1,7,7.0
16415,Mesha_Stela,1,4,Hebrew,1,8,8.0
16416,Mesha_Stela,1,5,Hebrew,1,3,3.0
16417,Mesha_Stela,1,5,Hebrew,1,6,6.0
16418,Mesha_Stela,1,5,Hebrew,1,6,6.0
16419,Mesha_Stela,1,6,Hebrew,1,5,5.0
16420,Mesha_Stela,1,6,Hebrew,1,4,4.0
16421,Mesha_Stela,1,6,Hebrew,1,3,3.0
16422,Mesha_Stela,1,7,Hebrew,1,5,5.0
16423,Mesha_Stela,1,7,Hebrew,1,8,8.0
16424,Mesha_Stela,1,8,Hebrew,1,5,5.0
16425,Mesha_Stela,1,8,Hebrew,1,7,7.0
16426,Mesha_Stela,1,9,Hebrew,1,13,13.0
16427,Mesha_Stela,1,9,Hebrew,1,7,7.0
16428,Mesha_Stela,1,10,Hebrew,1,4,4.0
16429,Mesha_Stela,1,10,Hebrew,1,6,6.0
16430,Mesha_Stela,1,10,Hebrew,1,4,4.0
16431,Mesha_Stela,1,11,Hebrew,1,9,9.0
16432,Mesha_Stela,1,11,Hebrew,1,8,8.0
16433,Mesha_Stela,1,12,Hebrew,1,5,5.0
16434,Mesha_Stela,1,12,Hebrew,1,3,3.0
16435,Mesha_Stela,1,13,Hebrew,1,9,9.0
16436,Mesha_Stela,1,13,Hebrew,1,6,6.0
16437,Mesha_Stela,1,14,Hebrew,1,7,7.0
16438,Mesha_Stela,1,14,Hebrew,1,8,8.0
16439,Mesha_Stela,1,15,Hebrew,1,11,11.0
16440,Mesha_Stela,1,16,Hebrew,1,5,5.0
16441,Mesha_Stela,1,16,Hebrew,1,1,1.0
16442,Mesha_Stela,1,16,Hebrew,1,5,5.0
16443,Mesha_Stela,1,17,Hebrew,1,5,5.0
16445,Mesha_Stela,1,17,Hebrew,2,11,5.5
16446,Mesha_Stela,1,18,Hebrew,1,3,3.0
16448,Mesha_Stela,1,19,Hebrew,2,15,7.5
16449,Mesha_Stela,1,20,Hebrew,1,6,6.0
16450,Mesha_Stela,1,21,Hebrew,1,7,7.0
16451,Mesha_Stela,1,21,Hebrew,1,6,6.0
16452,Mesha_Stela,1,22,Hebrew,1,6,6.0
16454,Mesha_Stela,1,22,Hebrew,2,9,4.5
16455,Mesha_Stela,1,23,Hebrew,1,7,7.0
16456,Mesha_Stela,1,24,Hebrew,1,9,9.0
16457,Mesha_Stela,1,25,Hebrew,1,5,5.0
16459,Mesha_Stela,1,25,Hebrew,2,7,3.5
16460,Mesha_Stela,1,26,Hebrew,1,10,10.0
16461,Mesha_Stela,1,27,Hebrew,1,5,5.0
16462,Mesha_Stela,1,27,Hebrew,1,5,5.0
16463,Mesha_Stela,1,28,Hebrew,1,5,5.0
16464,Mesha_Stela,1,28,Hebrew,1,12,12.0
16465,Mesha_Stela,1,29,Hebrew,1,10,10.0
16466,Mesha_Stela,1,29,Hebrew,1,6,6.0
16468,Mesha_Stela,1,29,Hebrew,2,8,4.0
16469,Mesha_Stela,1,30,Hebrew,1,11,11.0
16470,Mesha_Stela,1,31,Hebrew,1,3,3.0
16471,Mesha_Stela,1,31,Hebrew,1,7,7.0
16472,Mesha_Stela,1,32,Hebrew,1,5,5.0
16473,Mesha_Stela,1,32,Hebrew,1,3,3.0
16474,Mesha_Stela,1,33,Hebrew,1,7,7.0
16475,Mesha_Stela,1,33,Hebrew,1,3,3.0
16476,Mesha_Stela,1,33,Hebrew,1,4,4.0
16478,Mesha_Stela,1,34,Hebrew,2,14,7.0
16480,Mesha_Stela,1,36,Hebrew,2,11,5.5
16482,Mesha_Stela,1,36,Hebrew,2,12,6.0
16484,Mesha_Stela,1,37,Hebrew,2,8,4.0
16485,Mesha_Stela,1,37,Hebrew,1,5,5.0
16486,Mesha_Stela,1,37,Hebrew,1,1,1.0
16487,Mesha_Stela,1,37,Hebrew,1,3,3.0
16488,Mesha_Stela,1,38,Hebrew,1,7,7.0
16489,Mesha_Stela,1,38,Hebrew,1,3,3.0
16490,Mesha_Stela,1,38,Hebrew,1,8,8.0
16491,Mesha_Stela,1,38,Hebrew,1,8,8.0
16492,Mesha_Stela,1,39,Hebrew,1,2,2.0
16493,Mesad_Hashavyahu,1,1,Hebrew,1,9,9.0
16495,Mesad_Hashavyahu,1,1,Hebrew,2,9,4.5
16496,Mesad_Hashavyahu,1,1,Hebrew,1,4,4.0
16500,Mesad_Hashavyahu,1,1,Hebrew,3,13,4.333333333333333
16498,Mesad_Hashavyahu,1,1,Hebrew,1,7,7.0
16501,Mesad_Hashavyahu,1,1,Hebrew,1,5,5.0
16503,Mesad_Hashavyahu,1,1,Hebrew,2,12,6.0
16504,Mesad_Hashavyahu,1,1,Hebrew,1,7,7.0
16506,Mesad_Hashavyahu,1,1,Hebrew,2,15,7.5
16507,Mesad_Hashavyahu,1,1,Hebrew,1,5,5.0
16508,Mesad_Hashavyahu,1,1,Hebrew,1,4,4.0
16509,Mesad_Hashavyahu,1,1,Hebrew,1,2,2.0
16510,Mesad_Hashavyahu,1,1,Hebrew,1,5,5.0
16512,Mesad_Hashavyahu,1,1,Hebrew,2,11,5.5
16513,Mesad_Hashavyahu,1,1,Hebrew,1,5,5.0
16514,Mesad_Hashavyahu,1,1,Hebrew,1,6,6.0
16515,Mesad_Hashavyahu,1,1,Hebrew,1,4,4.0
16516,Siloam,1,1,Hebrew,1,3,3.0
16517,Siloam,1,1,Hebrew,1,6,6.0
16519,Siloam,1,1,Hebrew,2,11,5.5
16521,Siloam,1,1,Hebrew,2,7,3.5
16523,Siloam,1,1,Hebrew,2,8,4.0
16524,Siloam,1,1,Hebrew,1,11,11.0
16527,Siloam,1,1,Hebrew,3,16,5.333333333333333
16528,Siloam,1,1,Hebrew,1,15,15.0
16529,Siloam,1,1,Hebrew,1,11,11.0
